"gene","combinedPval","adjustedPval","pred"
"NRGN",0,0,1
"PPP1R1B",0,0,1
"MEIS2",5.24761461515554e-308,1.33461866313611e-304,1
"SPARC",2.12169534924293e-224,4.0470591186479e-221,1
"HPCAL4",1.59696172858224e-211,2.43691858139638e-208,1
"VAMP1",1.09195066215883e-195,1.38857160807131e-192,1
"MBP",2.24417603710746e-190,2.44610669429793e-187,1
"ITIH3",1.60943221846983e-181,1.53496762339801e-178,1
"PTK2B",3.15072909936977e-177,2.67106877244153e-174,1
"DLK1",6.25528437282976e-154,4.77269381201776e-151,1
"PENK",7.32354497821152e-145,5.07978327039697e-142,1
"PEG10",1.01380209697562e-130,6.44597259220649e-128,1
"SLC6A11",5.07246868618165e-129,2.97709393398249e-126,1
"GNG8",1.17939127824222e-126,6.42756373208423e-124,1
"NEFM",6.2300285264468e-119,3.16894930479563e-116,1
"DBPHT2",2.06938906741002e-117,9.86821682278798e-115,1
"HAP1",4.08957386966382e-111,1.83546307204842e-108,1
"TMSB4X",1.18640806685358e-94,5.02895907391595e-92,1
"GABBR1",1.0181897438167e-93,4.08876012506996e-91,1
"SATB2",3.04144143982831e-93,1.16028847565536e-90,1
"PTGDS",1.10025812511267e-91,3.99753067613286e-89,1
"CHRM1",1.91796993685715e-91,6.65174558725151e-89,1
"CRYM",1.29680610097072e-90,4.30193381453348e-88,1
"CARTPT",1.27087700645942e-86,4.00141106087259e-84,1
"LYPD1",1.31110254838255e-86,4.00141106087259e-84,1
"TRF",4.17960074606588e-82,1.22652940780873e-79,1
"APOD",1.61668285809531e-80,4.56854160947877e-78,1
"RPS24",3.02793233121474e-79,8.25096318514749e-77,1
"SLC32A1",3.94553199807696e-75,1.03806389815332e-72,1
"CAR2",3.75937731901513e-72,9.56117302752704e-70,1
"GFAP",3.24293292445268e-71,7.98165198122087e-69,1
"GPRASP2",2.40387197096227e-70,5.73162635225668e-68,1
"CST3",7.82682952801907e-70,1.80962442892375e-67,1
"GABBR2",1.25306056601679e-68,2.8119633845286e-66,1
"EBF3",1.76625340642638e-63,3.85036129951265e-61,1
"NWD2",8.26633106098707e-62,1.75197058072071e-59,1
"COL6A1",2.19305062893092e-60,4.52234248689614e-58,1
"LMO3",4.57982983610675e-60,9.19564635530745e-58,1
"GAD2",1.78134938082386e-59,3.48498582186171e-57,1
"CLU",4.58997374699001e-59,8.75521319012116e-57,1
"PCP4",9.41709693454901e-57,1.75246639823734e-54,1
"CALCR",8.8367641172807e-56,1.60531582681847e-53,1
"RAB3B",2.5451627037289e-55,4.51610062887354e-53,1
"STMN2",4.79807029199181e-55,8.32013637929513e-53,1
"LSAMP",1.01833378242977e-54,1.72660960709984e-52,1
"GPSM1",6.28787003620669e-54,1.04294700302155e-51,1
"CPNE6",8.24651371750915e-54,1.33871781634774e-51,1
"CCK",3.21791678789187e-51,5.11505240535395e-49,1
"CBLN1",9.27201782297987e-51,1.44375896233637e-48,1
"SAPCD2",1.17697896870939e-50,1.79603672863658e-48,1
"SIX3",5.56691440559729e-49,8.32838672387821e-47,1
"CBLN2",6.83252540140006e-49,1.00252318864492e-46,1
"SYT2",1.18363637585057e-47,1.7039582493111e-45,1
"GRM7",8.15703542969178e-47,1.15253760451335e-44,1
"GRM5",1.62400292456866e-46,2.25289334928458e-44,1
"ZFHX4",1.08914392211172e-45,1.48393118168954e-43,1
"KCNG1",2.72514931307203e-45,3.64780792375788e-43,1
"TIAM1",3.06143100024668e-45,4.0272908692572e-43,1
"MOG",3.46007220115592e-45,4.4745530878919e-43,1
"CACNA2D1",8.9639860623254e-45,1.13989917059838e-42,1
"TMEM255A",1.33903140049482e-43,1.67485587826151e-41,1
"NEFH",1.43555136087883e-43,1.76662170180974e-41,1
"MATN2",2.01906022788201e-43,2.44526110546154e-41,1
"IGSF8",5.99176104168903e-43,7.14317066337408e-41,1
"ASS1",1.03741183478496e-41,1.21773939730511e-39,1
"CYP26B1",2.16676806364768e-41,2.50486892920807e-39,1
"NRIP3",2.24931554309161e-41,2.56148665169587e-39,1
"SNCG",6.69286521031276e-41,7.50964974055873e-39,1
"RGS8",1.69920083974715e-40,1.87893665437473e-38,1
"ARHGAP6",1.83849016178157e-40,2.0039172586172e-38,1
"TAC1",2.54188795432554e-40,2.73158406024855e-38,1
"LPL",8.4482599937585e-40,8.95264347516787e-38,1
"PRKCD",1.74507717582914e-39,1.82393053335602e-37,1
"CALB2",2.19343046994683e-39,2.26156288309876e-37,1
"HPCAL1",7.72817634226583e-39,7.86198616690088e-37,1
"CADM1",1.566212229013e-38,1.57236559989798e-36,1
"ATP2B4",1.35946257008001e-36,1.34707893528317e-34,1
"TMEM215",1.98746957999964e-35,1.94411702225333e-33,1
"DGKK",2.03233476366877e-35,1.96283896221456e-33,1
"NPAS1",3.98476845613208e-35,3.80040271140817e-33,1
"OLFM2",7.5085810326308e-35,7.07276728270032e-33,1
"SEZ6",1.74002797398069e-34,1.61904490183533e-32,1
"DCLK3",2.68382765407162e-34,2.4671357507572e-32,1
"SLC17A7",2.75898369967903e-34,2.50603056743798e-32,1
"PPP1R14A",4.76278205908789e-34,4.27521833241231e-32,1
"TTR",5.90855476800983e-34,5.24202791916779e-32,1
"CLDN11",1.07773015485809e-33,9.45164273795147e-32,1
"SMIM17",1.15978156746998e-33,1.00556476086318e-31,1
"PMCH",1.44182077400182e-33,1.23605497637224e-31,1
"TCF7L2",3.81033648887475e-33,3.23025892958035e-31,1
"FEZF2",6.16365297125423e-33,5.16789048802729e-31,1
"KLHL1",2.79029477512774e-32,2.31408215859195e-30,1
"CCSAP",3.86917493628209e-32,3.17432897064707e-30,1
"BAIAP3",1.13120710409475e-31,9.181862518554e-30,1
"PDCD4",2.26863619187786e-31,1.82203940983924e-29,1
"TMEM163",2.58522918267437e-31,2.05468065535231e-29,1
"SULF1",5.0020497197309e-31,3.93452931472997e-29,1
"PCDH11X",6.33941273308904e-31,4.93559445424206e-29,1
"CHRM4",6.46295419174488e-31,4.98095248168631e-29,1
"LEF1",7.88762288483952e-31,6.01814508985678e-29,1
"SUMO2",9.01751377071698e-31,6.81211476302214e-29,1
"ADCYAP1R1",1.15325032238011e-30,8.62660530990174e-29,1
"PPP2R2B",4.38096206609023e-30,3.24525466933516e-28,1
"NEUROD6",2.2008986425243e-29,1.61466792683684e-27,1
"TRAF3IP3",2.63800698164127e-29,1.91691632940837e-27,1
"IGFBP4",4.07671489589034e-29,2.93441132710624e-27,1
"CACNA2D2",6.6368081315243e-29,4.73251501173362e-27,1
"NPTX1",9.91159684343649e-29,7.00223027183054e-27,1
"RESP18",1.28217725704216e-28,8.97507500559563e-27,1
"PRDM12",2.57872778291928e-28,1.78866632068944e-26,1
"TEKT5",3.08807566957547e-28,2.12266505524914e-26,1
"BCL11B",5.61173687505234e-28,3.82292512645221e-26,1
"OPALIN",6.48157563221223e-28,4.37641668450274e-26,1
"NTNG1",1.37604204367003e-27,9.20965513017168e-26,1
"MDGA1",2.38223770742896e-27,1.58053373440704e-25,1
"CAMK2D",4.42306390453298e-27,2.90925467133368e-25,1
"LGI2",7.78304674161442e-27,5.07551706539619e-25,1
"GAD1",1.38770510190883e-26,8.97287655840695e-25,1
"CALB1",1.68175437728927e-26,1.07828141727776e-24,1
"CPLX3",2.9075402903281e-26,1.84867688458152e-24,1
"CALCRL",3.31360728756939e-26,2.08945095630091e-24,1
"PITX2",5.81517164429629e-26,3.63679836333569e-24,1
"LAMP5",9.34404119471906e-26,5.79623718126774e-24,1
"CABP7",1.07849821531894e-25,6.63612046377463e-24,1
"NDRG2",1.68092151276148e-25,1.02601553813165e-23,1
"ALCAM",3.29177306581221e-25,1.9933146457647e-23,1
"SPON1",4.49136183838247e-25,2.69830376350878e-23,1
"GLRA1",2.61282451447625e-24,1.54538626229731e-22,1
"SCN5A",2.60569289285045e-24,1.54538626229731e-22,1
"NTSR2",3.79248027999869e-24,2.22585307763258e-22,1
"NYAP2",2.29005020281344e-23,1.33379849455999e-21,1
"PDYN",3.23884319745557e-23,1.87211493191053e-21,1
"RPRM",5.19154228206742e-23,2.97825081922386e-21,1
"SLC17A6",8.82997727614703e-23,5.02772254366343e-21,1
"OPRL1",9.66769171491802e-23,5.46393519867609e-21,1
"SLC30A3",3.90882621890729e-22,2.19292596506172e-20,1
"PLCXD2",7.04689346616408e-22,3.92458422845275e-20,1
"SLC24A2",1.99985304294551e-21,1.10569542394774e-19,1
"OTOF",2.20234605025429e-21,1.20889136374674e-19,1
"SEMA5A",5.49125347558935e-20,2.99267786141207e-18,1
"UGT8A",7.25695154623652e-20,3.92691613293184e-18,1
"LRRC55",1.24359389783493e-19,6.68200434045021e-18,1
"PLCH1",1.36076472600742e-19,7.26044969781507e-18,1
"CDH13",1.52077070147084e-19,8.05782368665733e-18,1
"PDE1A",1.74661991004769e-19,9.19066464699826e-18,1
"NXPH1",3.40212494177713e-19,1.77792697238479e-17,1
"FEZF1",3.53197109731874e-19,1.83322732398434e-17,1
"HTR1B",5.78991169500801e-19,2.98487906620696e-17,1
"ECEL1",6.50743060247232e-19,3.33226700093045e-17,1
"SLC1A3",1.18280967789754e-18,6.01644742165687e-17,1
"HTRA1",1.44544018159514e-18,7.30364560232869e-17,1
"PAX6",1.9380185020455e-18,9.72816317014238e-17,1
"NOV",2.57912573591409e-18,1.28616770280034e-16,1
"PNOC",3.15961528370331e-18,1.56541683675226e-16,1
"IGFBP6",3.35655472680599e-18,1.65226061157641e-16,1
"OSCP1",5.41019304037424e-18,2.6460904079523e-16,1
"SORCS1",6.94342014707417e-18,3.37435140694812e-16,1
"SST",7.88072680755385e-18,3.80562245574927e-16,1
"CCP110",9.60030066381025e-18,4.60685163273812e-16,1
"GPR34",1.44639348493488e-17,6.89736151852264e-16,1
"RGS9",3.46625193116362e-17,1.64267165761027e-15,1
"GRM4",7.51963677174918e-17,3.54159066179668e-15,1
"SYNPR",7.7824581230258e-17,3.64288702995499e-15,1
"OTP",7.87291813650713e-17,3.66275949642299e-15,1
"NELL1",1.37906313322854e-16,6.37700444601381e-15,1
"POU4F1",1.47642653917487e-16,6.78610024127103e-15,1
"OXTR",1.48993944021053e-16,6.80720235380258e-15,1
"TSHZ2",1.61581107572586e-16,7.33833974344418e-15,1
"PROX1",2.49079704492438e-16,1.12452250828335e-14,1
"GABRA5",2.66153269709943e-16,1.19453643246626e-14,1
"ARHGAP36",2.86526126757799e-16,1.27845260996301e-14,1
"TRIM66",2.92184379520256e-16,1.29611955471964e-14,1
"GBX1",3.33066907387547e-16,1.46893269341045e-14,1
"GPR88",4.44089209850063e-16,1.94732073532573e-14,1
"IRX6",7.7715611723761e-16,3.38833807946677e-14,1
"SLCO3A1",1.55431223447522e-15,6.73817231712142e-14,1
"VIPR1",2.22044604925031e-15,9.57157649566884e-14,1
"RORA",3.33066907387547e-15,1.42767053910117e-13,1
"SULF2",3.88578058618805e-15,1.65631051370582e-13,1
"KIF5B",5.6621374255883e-15,2.38681273553598e-13,1
"RGS4",5.6621374255883e-15,2.38681273553598e-13,1
"DKK3",7.105427357601e-15,2.96248138095455e-13,1
"LTK",7.105427357601e-15,2.96248138095455e-13,1
"SMOC1",7.21644966006352e-15,2.99241814083343e-13,1
"TAC2",1.17683640610267e-14,4.85356535707402e-13,1
"CBLN4",1.18793863634892e-14,4.87301309815785e-13,1
"MAN1A",1.34336985979644e-14,5.48113512854919e-13,1
"HTR2C",1.48769885299771e-14,6.03773008841153e-13,1
"IRS4",1.57651669496772e-14,6.36433872069155e-13,1
"DEPTOR",1.90958360235527e-14,7.66834407458269e-13,1
"NPTX2",2.50910403565285e-14,1.00230943188415e-12,1
"NOG",2.8199664825479e-14,1.12062222940698e-12,1
"NDST4",3.24185123190546e-14,1.28159937720764e-12,1
"CAR4",3.83026943495679e-14,1.50641319254644e-12,1
"NGB",4.50750547997814e-14,1.76367341059424e-12,1
"NFATC2",6.70574706873595e-14,2.61040331632389e-12,1
"C4B",8.26005930321116e-14,3.19914153695847e-12,1
"IL33",1.04027897407377e-13,4.00867775310652e-12,1
"AJAP1",1.37667655053519e-13,5.27831560117939e-12,1
"KCTD12",1.51212375953946e-13,5.76864558029218e-12,1
"GRIK3",1.62758695410048e-13,6.17823833892822e-12,1
"ASB4",1.64757096854373e-13,6.22313577961471e-12,1
"TRH",1.79856129989275e-13,6.75998483834503e-12,1
"SP9",1.93178806284777e-13,7.2251326694512e-12,1
"TCF4",2.09721129351692e-13,7.80557394160089e-12,1
"CTPS",2.70228284193763e-13,1.00087559289103e-11,1
"KCNAB3",3.20521387209283e-13,1.18141691249041e-11,1
"MRAP2",8.09574629556664e-13,2.96968284560958e-11,1
"STK32B",9.32587340685131e-13,3.40455022338766e-11,1
"SPHKAP",1.28497212870116e-12,4.66864582520814e-11,1
"PIEZO2",1.32160948851379e-12,4.77900195473607e-11,1
"MLC1",1.37578837211549e-12,4.95144875952267e-11,1
"NHLH2",1.38333788868295e-12,4.95524559508873e-11,1
"PARM1",1.57673873957265e-12,5.62163287436765e-11,1
"SCN4B",1.77435843795593e-12,6.29679292860906e-11,1
"GPR101",1.86983761807369e-12,6.60490624240502e-11,1
"MFGE8",2.6683100173841e-12,9.38194900943599e-11,1
"ADCYAP1",2.80653278394993e-12,9.82268329252758e-11,1
"GPX3",3.03268521406608e-12,1.05657354998532e-10,1
"PRR5L",3.1596947280832e-12,1.095819337973e-10,1
"CACNG4",4.20863344174904e-12,1.45299909407722e-10,1
"IGFBP2",4.4060310955274e-12,1.51429712862295e-10,1
"CCNE1",4.6003201248368e-12,1.57398180112988e-10,1
"LHX6",4.84723372551343e-12,1.65105848827588e-10,1
"PGR15L",8.67217408995202e-12,2.94077626737009e-10,1
"CDH7",9.15156839198517e-12,3.08960960055803e-10,1
"LHX9",1.03939079565407e-11,3.49357060572334e-10,1
"GRM3",1.12210241098865e-11,3.75503650977748e-10,1
"PVALB",1.17638121466257e-11,3.91948596683646e-10,1
"HRH3",1.31550326187835e-11,4.3639584677828e-10,1
"FAM181B",1.56032964326869e-11,5.15372089138981e-10,1
"MOXD1",1.56905599624224e-11,5.16020521653965e-10,1
"CSPG5",1.61337609938528e-11,5.2831898037351e-10,1
"HS6ST2",2.2178259229122e-11,7.23149538575427e-10,1
"TOX",2.61948240876109e-11,8.50480067176116e-10,1
"NR3C2",3.02298186483085e-11,9.77327354137382e-10,1
"RPP25",4.7493120547415e-11,1.52896968737795e-09,1
"TMEM233",5.75144376568915e-11,1.84381114710009e-09,1
"CD74",6.09461370260078e-11,1.94367072602245e-09,1
"GABRQ",6.11388717430827e-11,1.94367072602245e-09,1
"NRP2",6.63553656465865e-11,2.10075554977529e-09,1
"RSPO1",7.43467509778384e-11,2.34402988113988e-09,1
"SEMA4D",1.2152323591863e-10,3.81565910326652e-09,1
"TBR1",1.27191479570854e-10,3.97726664858835e-09,1
"FABP7",1.47564849228843e-10,4.59550612752137e-09,1
"LYPD6B",1.52672319231328e-10,4.73523690038489e-09,1
"GALR2",1.67249769589262e-10,5.16636505717497e-09,1
"GFRA1",1.68046909720942e-10,5.17005740312444e-09,1
"SYT6",1.79537940070418e-10,5.50140232108476e-09,1
"PIK3R3",1.9479073909423e-10,5.94490353884796e-09,1
"RXRG",2.27654561868462e-10,6.92020804988944e-09,1
"GAL",2.49315457168109e-10,7.54857856621556e-09,1
"FGF10",2.55496068746197e-10,7.70513436326996e-09,1
"KCNS1",3.07899039597714e-10,9.2489223449703e-09,1
"ANXA11",4.61582772004476e-10,1.38110254631103e-08,1
"EPHA7",5.13251441347506e-10,1.52970162413824e-08,1
"NPY2R",5.67490276992544e-10,1.68477464168465e-08,1
"MC1R",8.40117975187127e-10,2.48448904694901e-08,1
"NTSR1",8.80648665102512e-10,2.59429544116878e-08,1
"ID4",9.59700319214107e-10,2.81629929678689e-08,1
"EMX2",1.22469656638202e-09,3.58017708349356e-08,1
"DRD1",1.32004784880735e-09,3.84419047085369e-08,1
"TMEM88B",1.32916544437478e-09,3.85602471587308e-08,1
"KRT27",1.51169565754117e-09,4.36894878889233e-08,1
"SATB1",1.57758117680373e-09,4.54215925603152e-08,1
"ELFN1",2.16222062476845e-09,6.20204459212737e-08,1
"NEUROD1",2.4036076462508e-09,6.86860957562842e-08,1
"NPY",2.41947417656263e-09,6.88815184959537e-08,1
"FAM214A",2.91979862510061e-09,8.28165501173022e-08,1
"POMC",3.19996651398924e-09,9.04270129103868e-08,1
"VEGFA",3.41705708173379e-09,9.62054019191599e-08,1
"LMO1",3.62749041915578e-09,1.01754561122483e-07,1
"NOS1",4.07376576916363e-09,1.13854427274956e-07,1
"KCNC3",4.56584192676246e-09,1.27141351727674e-07,1
"CTSS",4.86727902426765e-09,1.3504237433313e-07,1
"EFHD2",5.09884556798568e-09,1.40954612435779e-07,1
"PDGFA",5.17933118615588e-09,1.42662696588276e-07,1
"KCND3",6.9684816805804e-09,1.91253716034052e-07,1
"LRPPRC",7.48384376692002e-09,2.04661910892715e-07,1
"BDNF",7.58914686649348e-09,2.06800431953492e-07,1
"ZIC1",9.32145161058884e-09,2.53100932336459e-07,1
"CADM2",1.22646326428111e-08,3.31834817158966e-07,1
"FAM183B",1.3445654367672e-08,3.62503348910407e-07,1
"SNTB1",1.49373174940237e-08,4.01301504066232e-07,1
"GRIK1",1.94269623721155e-08,5.20087665917012e-07,1
"GLRA3",2.23973862789606e-08,5.97513638224775e-07,1
"SIM1",2.58338623826404e-08,6.86789996002901e-07,1
"ADRB1",2.93881430302179e-08,7.78567323748195e-07,1
"TIMP4",3.12415397996091e-08,8.24804655241751e-07,1
"KRT15",3.5361106487386e-08,9.30345719188226e-07,1
"RERG",3.7039672218242e-08,9.71159719956445e-07,1
"GNG4",6.10892784136396e-08,1.59624172647814e-06,1
"COL25A1",6.32871237638e-08,1.64802673849941e-06,1
"HTR1F",7.57202027745763e-08,1.96142386117457e-06,1
"LYPD6",7.58362683761504e-08,1.96142386117457e-06,1
"HOPX",7.62890142169681e-08,1.96646765540591e-06,1
"NKX2-1",7.65824392789938e-08,1.96738457194248e-06,1
"ADORA2A",7.80533739863642e-08,1.99844376632483e-06,1
"MYOC",8.3658170724199e-08,2.13478278097747e-06,1
"DPY19L1",8.95502128006598e-08,2.27751834035984e-06,1
"APLN",9.02187459184134e-08,2.28689805837445e-06,1
"CHRM5",9.56484846881267e-08,2.41650482481712e-06,1
"OLFML2A",9.81927499310586e-08,2.4725968392724e-06,1
"LMX1A",1.07431587292872e-07,2.69634167503917e-06,1
"NPPA",1.1429739721347e-07,2.85925584003826e-06,1
"BARHL1",1.34403448037723e-07,3.35123975547195e-06,1
"VWC2L",1.43473511293735e-07,3.56574159429057e-06,1
"CPNE4",1.46502970199691e-07,3.629211084142e-06,1
"GBX2",1.56960427655228e-07,3.87568265497114e-06,1
"COCH",1.60919738645404e-07,3.96062879096831e-06,1
"CRIM1",1.79341777872821e-07,4.39984722839331e-06,1
"PLTP",2.16714123202344e-07,5.29967376759119e-06,1
"NEUROD2",2.17433891780416e-07,5.30028737473519e-06,1
"ONECUT2",2.32336956784707e-07,5.64553577636287e-06,1
"FJX1",2.82525323580529e-07,6.84326475772444e-06,1
"PRLR",2.91430714005614e-07,7.03663060906853e-06,1
"GPR139",3.67669705125806e-07,8.84942595989861e-06,1
"C1QL3",4.11584873738491e-07,9.87526596297212e-06,1
"RIMS4",4.7617636944608e-07,1.13892118642421e-05,1
"RORB",4.83405605877785e-07,1.15259894992187e-05,1
"TH",5.2199093736327e-07,1.2407218942726e-05,1
"PTPRZ1",5.48261885890966e-07,1.29911829663043e-05,1
"CAR10",5.62014072835737e-07,1.32758147469071e-05,1
"KCNAB1",5.83790845554155e-07,1.37476600919385e-05,1
"TRAPPC3L",7.36935776735059e-07,1.7300664953373e-05,1
"CHRM2",7.61614009858746e-07,1.78251765347613e-05,1
"CYP2S1",7.74238151035611e-07,1.80652231443893e-05,1
"PPP1R17",9.40920709235904e-07,2.18874768121485e-05,1
"NXPH4",9.58683524343584e-07,2.22328880549997e-05,1
"GFRA2",9.82821355854924e-07,2.27236012801364e-05,1
"CSRP2",1.00197495644938e-06,2.30964582942493e-05,1
"NPW",1.150877271483e-06,2.64488896753673e-05,1
"PHOX2B",1.17616854411473e-06,2.69489496028532e-05,1
"CARD10",1.21437151001658e-06,2.77409684524075e-05,1
"ZBTB20",1.22716443984316e-06,2.79495275062533e-05,1
"SEMA3A",1.26573206760128e-06,2.8742134757486e-05,1
"PDE1C",1.32601691049672e-06,3.00217273976956e-05,1
"FAM184A",1.39138458954413e-06,3.14084861271479e-05,1
"FIBCD1",1.61196290771048e-06,3.62803828596016e-05,1
"CLEC2L",1.67137196815936e-06,3.75068604331823e-05,1
"HOXC5",1.73306250417227e-06,3.87771924989805e-05,1
"GRM1",1.905425782045e-06,4.25091525109924e-05,1
"NINJ2",1.9830764794726e-06,4.41125190546229e-05,1
"GALNTL6",2.2822224785557e-06,5.06192902497666e-05,1
"PTPRK",2.49355813397578e-06,5.51463684356291e-05,1
"ESRRG",2.79678517567383e-06,6.16736320821674e-05,1
"VIM",2.80524539697513e-06,6.16819221802357e-05,1
"ST18",2.89649628903987e-06,6.3505340349811e-05,1
"ARAP2",2.97957361783396e-06,6.51396181982405e-05,1
"NR4A2",3.13618903946544e-06,6.83676581263923e-05,1
"FAM107A",3.43789855439258e-06,7.47312860940153e-05,1
"UTS2B",3.53765704630415e-06,7.66813200338874e-05,1
"WHRN",3.6888690458925e-06,7.97324387999158e-05,1
"CITED1",3.88527209760348e-06,8.3740334743227e-05,1
"CNTNAP3",4.19421752706484e-06,9.01444748785975e-05,1
"H2-AB1",4.6697428762732e-06,0.000100082808915559,1
"POU6F2",4.84815906853786e-06,0.000103615603289173,1
"SV2C",4.98862976416881e-06,0.000106319949674311,1
"NR2F2",5.20984681950942e-06,0.000110725339655838,1
"LINGO4",6.19656891287512e-06,0.000131330409545313,1
"GRM2",6.37720133478403e-06,0.000134784341707562,1
"RELN",6.72940850277026e-06,0.000141835465211862,1
"SERPINF1",7.76759267939742e-06,0.000163266218591119,1
"CYTH3",8.33731937799342e-06,0.000174759812525632,1
"CXCL14",9.37994512961726e-06,0.000196075778883353,1
"CPNE5",9.71366731061796e-06,0.000201945265660315,1
"EBF2",9.68809743495669e-06,0.000201945265660315,1
"GJA1",1.1080138413222e-05,0.000229727973952075,1
"GLDC",1.37072488798351e-05,0.000283426495933021,1
"CRH",1.37519918224083e-05,0.000283583133364516,1
"VIP",1.50631077334706e-05,0.000309782719548291,1
"PAX7",1.64110928297934e-05,0.000336597648513465,1
"VCAN",1.68199746309883e-05,0.000344059077106456,1
"HCRT",2.24415195966277e-05,0.000457822544186527,1
"DAD1",2.32588550574953e-05,0.000473231429049838,1
"FOXP2",2.40296996110168e-05,0.00048761494997654,1
"LIMS2",2.45984044978664e-05,0.00049783119183641,1
"RASD1",2.78144215266618e-05,0.000561428878237774,1
"B3GAT2",4.5352978767621e-05,0.000913025951896546,1
"IFITM1",4.62660487924316e-05,0.00092895639833262,1
"MAOB",4.74617644450337e-05,0.00095046344689464,1
"NDNF",4.77402740057808e-05,0.000953538120317068,1
"MLF1",4.84832563871773e-05,0.000963849484604191,1
"PDGFRA",4.85091794447667e-05,0.000963849484604191,1
"ADORA1",5.22942909213508e-05,0.00103367375431546,1
"SLC7A10",5.22133701578165e-05,0.00103367375431546,1
"RXFP4",5.2893305913182e-05,0.00104281258172067,1
"GATA3",5.55206765884275e-05,0.0010917910749124,1
"PRPH",6.22635423497275e-05,0.00122123920940505,1
"LHX1",6.26252009856554e-05,0.00122518322276179,1
"IRX2",6.54684293894814e-05,0.00127753168507017,1
"FBLN5",6.60170543802518e-05,0.00128495107198122,1
"CXCL2",6.67881485625355e-05,0.00129408105180453,1
"PRSS12",6.68253411584274e-05,0.00129408105180453,1
"DCN",7.50335750940856e-05,0.00144935595554205,1
"CHODL",8.84484902377025e-05,0.00170416543998415,1
"IL1R1",9.06669795470716e-05,0.00174250950876965,1
"THRSP",9.41412317188028e-05,0.00180473449592217,1
"LY6G6E",9.95106223276032e-05,0.00190288727553641,1
"CAR8",0.000100211449989063,0.00191149809804635,1
"TNR",0.000106935175928746,0.00203466414082246,1
"ENPP6",0.000108001066162156,0.00204983311621874,1
"CASP4",0.000119814191213319,0.00226840047610858,1
"WFS1",0.000131706817335431,0.00248738725987555,1
"CLDN10",0.00013562315171245,0.00255502600568573,1
"TPBG",0.000139621345425223,0.0026238699182511,1
"AVP",0.000148676061683117,0.00278716804828052,1
"ETV1",0.000156117102957376,0.00291948895049752,1
"NREP",0.000159253790144365,0.0029708654595174,1
"RLN3",0.000164205096688019,0.0030557603512536,1
"SYNPO2",0.000171923158120757,0.00319160453754664,1
"STEAP2",0.000174190433378407,0.00322584576599224,1
"TCAP",0.000179902177538382,0.00332355510531139,1
"NMB",0.000215659131086787,0.00397451394768482,1
"IGSF1",0.000232247281986231,0.00426991331977034,1
"CPA6",0.000240597123428943,0.00441279360830027,1
"SOSTDC1",0.000256947416843678,0.00470137308233175,1
"NR4A3",0.000258583818982028,0.00471999543781569,1
"HHIP",0.000262707235566095,0.00478381665960085,1
"PDE11A",0.000266965669948549,0.00484978674883404,1
"TFAP2B",0.00026906711116359,0.00487635186412263,1
"PRSS23",0.000283165524477047,0.00511969914997911,1
"COL18A1",0.000286368397700132,0.00514269432947171,1
"EOMES",0.00028520880346794,0.00514269432947171,1
"PGR",0.000286459431815267,0.00514269432947171,1
"GPR119",0.000289019233518983,0.00517646952168137,1
"GCHFR",0.000303622312896712,0.00542528209291002,1
"CBLN3",0.000329481214608851,0.00587358698383258,1
"PCDH20",0.000338540300901746,0.00602101347475919,1
"PRKCG",0.000347379291261163,0.00616384891002742,1
"CHRM3",0.000360907624812556,0.00638903552104896,1
"OMP",0.000376102316751337,0.00664261034135424,1
"GHRH",0.000407077140735401,0.00717307438510225,1
"C1QL2",0.000428792881380424,0.00753831624232361,1
"PHOX2A",0.000429964385739723,0.00754153485589296,1
"GRM8",0.000433666462001603,0.00758902289542733,1
"NOTUM",0.000459655254862135,0.0080254114621715,1
"HTR1A",0.00051043039388321,0.00889157982477371,1
"GM5741",0.000517065275200235,0.00898664048417626,1
"RBP4",0.000524407627366941,0.00909353701073909,1
"HAPLN1",0.000527095014680734,0.00911941195274025,1
"GALR1",0.000531123462208405,0.00916831936201188,1
"DRD5",0.000602507107859473,0.010377075199173,1
"HOXA7",0.000661764625376593,0.0113720063511271,1
"PBX3",0.000689472078284736,0.0118215163604305,1
"FN1",0.000732322810006902,0.0125280713539914,1
"COL15A1",0.000736479579442673,0.0125709963955337,1
"CCL3",0.000817181113657472,0.0139173587510472,1
"GNA14",0.000841986602928002,0.0143078821991527,1
"NPNT",0.000847245546826914,0.0143652535736709,1
"KITL",0.000856912827075673,0.0144969492104329,1
"ASIC3",0.000964063990017472,0.0162736114266428,1
"CREB3L1",0.00100597984501882,0.0169436742399923,1
"ANXA1",0.00100926238412469,0.0169615192542736,1
"CCL24",0.00101574510307956,0.0170329493920128,1
"HTR2A",0.00105877695754364,0.0177156117496646,1
"S1PR1",0.00106740414193895,0.017820882185632,1
"FGFR3",0.00110612943921917,0.0184270998231122,1
"INPP5J",0.00112280123496389,0.0186640853392783,1
"CENPF",0.00113098451407789,0.018759244428228,1
"POSTN",0.00113838500527685,0.0188410350147038,1
"FIGN",0.0011657027012596,0.0192514011079279,1
"WFDC18",0.00122958654830785,0.0202625746453539,1
"UNC5B",0.00125422632985217,0.0206240735369694,1
"TMEM132C",0.00125813646828865,0.0206438794114275,1
"FRZB",0.00126256191754093,0.02067203751152,1
"SLC17A8",0.00130011220736581,0.0212412695915329,1
"PGLYRP1",0.00133405313463042,0.0217492251933896,1
"KRT73",0.00135486848510868,0.0220414831148352,1
"DDIT4L",0.00149032019763928,0.0241934745880132,1
"NTS",0.0015079609276456,0.0243787228194109,1
"SYT15",0.00150812185208637,0.0243787228194109,1
"INHBA",0.00151725152002946,0.0244744508465036,1
"CTSC",0.00153102649011083,0.0246445492207137,1
"OTX2",0.001534595226373,0.0246499900743303,1
"TTYH1",0.00155687659616266,0.0249553550344067,1
"HDC",0.00158303771836033,0.0253214982630897,1
"TRHR",0.0016042391422213,0.0256069425676579,1
"MAP3K7CL",0.00164815854440237,0.0262530634568013,1
"SKOR1",0.00179830575009854,0.0285850404436016,1
"CLIC6",0.00192353200222772,0.0305120126128717,1
"CUX2",0.00192799711655312,0.0305193905804215,1
"RELL1",0.00196330433174852,0.0310139447937175,1
"IL1RAPL2",0.00200954721026614,0.0316788470677704,1
"GHSR",0.00209949850166113,0.0330286137238227,1
"EGLN3",0.00211592085752244,0.0332184730795143,1
"TNNT1",0.00217522167663731,0.0340793322554384,1
"HCRTR1",0.00219118880407243,0.0342591429103656,1
"NPPC",0.00226152951041769,0.0352866082118108,1
"HDHD3",0.00228362006676375,0.0355585698917664,1
"TFAP2C",0.00230189286926663,0.0357700980745855,1
"HTR5B",0.0024223831401522,0.0375659389006161,1
"TREM2",0.00247382794938455,0.0382859200460674,1
"ST8SIA6",0.00248947289907642,0.0384500553518199,1
"SEMA3E",0.00251962191130528,0.0388370910258268,1
"SOST",0.00262430164364291,0.0403190372490211,1
"VWC2",0.00262633442709337,0.0403190372490211,1
"PRRXL1",0.00276111109033472,0.042302988870159,1
"CCKAR",0.00279574600337296,0.0427477915074936,1
"PHLDA1",0.0030104540126823,0.0459386796229475,1
"SOX4",0.0030728337545729,0.0467969829342347,1
"HS3ST2",0.00324822366316324,0.0493694994670292,1
"PKD1L2",0.00333733694977911,0.0506230826030791,0
"EBF1",0.00362235919276133,0.0548374803395657,0
"PKD2L1",0.00371201871620563,0.0560835239961454,0
"PROKR2",0.00377863658326161,0.056977202676492,0
"PALM3",0.00388383706069617,0.0584479869226023,0
"ISLR",0.0039879517005641,0.0598966720425642,0
"LHX8",0.00401784854374188,0.0602271475388798,0
"NMS",0.00404115802554261,0.0604577767805861,0
"SEMA3G",0.00414767389059045,0.0619298770951991,0
"CAR3",0.00418068813833306,0.0621794566330685,0
"RRAS2",0.00417908904356112,0.0621794566330685,0
"SPINK8",0.00426825499897832,0.0633583347421555,0
"DHH",0.00430945238405422,0.0638456588331548,0
"BIRC5",0.00440923638545032,0.0651973879181691,0
"WIF1",0.0045996827722814,0.0678818786364208,0
"HOXB9",0.00471961750775463,0.0695174061440433,0
"KCNG4",0.00487116168239432,0.0716113238456264,0
"GKN3",0.00501098113382203,0.073525153429937,0
"SFRP2",0.00506185504689338,0.0741290605948774,0
"HOXA5",0.00511875958385477,0.0748188010854331,0
"TMEM141",0.00531402707728934,0.0775244313952758,0
"TRDN",0.00535226176242753,0.0779332115999732,0
"ZFP239",0.00565879173708561,0.082239587393296,0
"KRT12",0.00579337902835142,0.0840354856360713,0
"TAL1",0.00588918693128448,0.0852631237958408,0
"PRKCQ",0.00601940647986043,0.0869833769742131,0
"DOCK5",0.00622524745351083,0.0897878273332633,0
"PI16",0.00629701132569194,0.0906515262063288,0
"LYPD2",0.00635982114792255,0.0913833125806198,0
"CBS",0.00673533178644958,0.0965970530569853,0
"MMP2",0.00680590551551796,0.0974260784843668,0
"DMBX1",0.00707441417928678,0.101080118149908,0
"SIGLECH",0.00713436310526994,0.101746140089465,0
"COL9A2",0.00717637236230084,0.102154309063542,0
"KL",0.00727694179845084,0.103206017078066,0
"SIX6",0.00727730837229579,0.103206017078066,0
"MAB21L2",0.00759596047116273,0.107525246364133,0
"FSHR",0.00764123261136407,0.107965792294758,0
"BAIAP2L1",0.0078490316181814,0.110696866863534,0
"PRSS35",0.00793134056466704,0.111651311132674,0
"NPSR1",0.00795075746332841,0.111718524556171,0
"FOS",0.00807286443605526,0.113225768061888,0
"OSR1",0.00810364505706807,0.11344893509294,0
"SLC6A4",0.0082921821273011,0.115875789191154,0
"UCN2",0.0083123023239382,0.115944598104006,0
"RUNX1",0.00850331930621651,0.118392569005449,0
"GFRA3",0.00855036109004437,0.118830692159085,0
"BDKRB1",0.00861949676170926,0.119423977521102,0
"PDZK1IP1",0.00862435480534662,0.119423977521102,0
"TGFB2",0.00873541784610055,0.120742766234448,0
"RXFP1",0.00893109037026163,0.123224160473608,0
"VTN",0.00915315403751127,0.126060063582109,0
"CRHR1",0.00925469146212388,0.127228813447201,0
"ITPR2",0.00955493301887222,0.131120129899198,0
"TUBGCP2",0.0100112487023802,0.137135397799253,0
"DOC2G",0.0102907741785777,0.140711750107786,0
"DRD4",0.010403996536304,0.141751834270695,0
"EFNA5",0.0104016371500557,0.141751834270695,0
"P2RX2",0.0106677629465315,0.145086502184214,0
"GADD45A",0.0109268513114706,0.148345792585216,0
"SERPINB1A",0.0110337931193186,0.149531592102967,0
"AGTR2",0.0112231364921108,0.15182792482548,0
"COL19A1",0.0112662631657698,0.152049025375745,0
"GDF10",0.0112793365815163,0.152049025375745,0
"FLT1",0.0114255515697335,0.153748409373281,0
"PTGFR",0.0117956103635714,0.15823356033084,0
"SLC6A5",0.0118003353884898,0.15823356033084,0
"TCERG1L",0.0119638740600927,0.160145040075072,0
"CSF1R",0.0123208828669836,0.164635025781324,0
"VWF",0.0124222795800686,0.165699724389371,0
"GPR50",0.0124619415863898,0.165823092324412,0
"RET",0.0124749951860238,0.165823092324412,0
"KIT",0.0125559069506769,0.166608348442594,0
"CCND1",0.0126609386920243,0.167710378016291,0
"SLC34A2",0.0133412738058101,0.176416011726946,0
"SLC36A2",0.0137865403797968,0.181988512055943,0
"ANLN",0.0138662523900546,0.182724613768007,0
"GALR3",0.0139020818179454,0.182880904925072,0
"MGARP",0.0145384754272835,0.19092343958685,0
"PRSS56",0.0151087305913356,0.198071279944432,0
"SELPLG",0.0151387313473997,0.198124162037743,0
"IL31RA",0.0156492327304174,0.204454520664975,0
"NMU",0.0161348232287575,0.210438336973735,0
"LY6D",0.0161774585432289,0.210634349095329,0
"TBXA2R",0.0163569654301922,0.212608757780207,0
"MYH8",0.0163958023810771,0.212751124623129,0
"SLC18A2",0.0172706465141124,0.223722578454105,0
"CHRNA3",0.0173535082619172,0.224414952824332,0
"TIAM2",0.0177704435819099,0.22941790168086,0
"SHOX2",0.0180924537137535,0.233180526712792,0
"WFDC2",0.0182464718570785,0.234768985732913,0
"HRH1",0.0184779344804181,0.237332187253362,0
"OXT",0.0185078977709101,0.237332187253362,0
"PNMT",0.0186363111175747,0.238577897905564,0
"TOP2A",0.0190526170537808,0.243498798608315,0
"EMID1",0.0192093661229533,0.245091565341332,0
"BHLHE22",0.0193121298997259,0.245991367624304,0
"HS3ST4",0.0197317763787996,0.250917787826095,0
"CCND2",0.0197940176233987,0.251290456937472,0
"TNNC1",0.0207471277802933,0.262952924886067,0
"RXFP2",0.0208470717200762,0.263781457637581,0
"ANGPT2",0.0213586837623283,0.269807527697386,0
"NPY4R",0.0217499423753771,0.274295859175616,0
"HTR3A",0.0217889865124139,0.274334811986474,0
"TEK",0.0236993536377369,0.297895762727053,0
"PBK",0.0239102094351229,0.300051855247577,0
"CNKSR3",0.0248664808472294,0.311029088662665,0
"NKX2-9",0.0248643558731685,0.311029088662665,0
"DLX5",0.0256206734914266,0.319938015811058,0
"NEU4",0.0260201918722994,0.324396072870777,0
"CALCB",0.0263766975942601,0.328304216979037,0
"OLFR558",0.0265404127216957,0.329803922403625,0
"NPFFR1",0.0273352360233081,0.339128452230227,0
"RNF152",0.0273931123985309,0.339294783615608,0
"TLX3",0.0279294510024404,0.345377268494911,0
"P2RY12",0.0283852000180105,0.350445105849663,0
"KCNK3",0.0285162163592615,0.35149387985925,0
"COL12A1",0.029266565840143,0.360160923249643,0
"TAGLN",0.0296564149816545,0.364370799384271,0
"FAM180A",0.0300883412654237,0.368112949338644,0
"GALNT14",0.0301057304859776,0.368112949338644,0
"PKIB",0.0300335468839523,0.368112949338644,0
"MREG",0.0301999595951375,0.368674296334689,0
"MIA",0.0303385983497825,0.369775126784069,0
"MRC1",0.0313367124231958,0.380984588661466,0
"URAH",0.0313581574603022,0.380984588661466,0
"HAPLN2",0.031498287276378,0.381472210199379,0
"INMT",0.0314507011047088,0.381472210199379,0
"SLC1A6",0.0324001612929117,0.391772843198209,0
"JUNB",0.0326699482952431,0.394409969716791,0
"PRX",0.0333994706427529,0.402580179385068,0
"PTPN3",0.0336016844021962,0.404378731915605,0
"IGF2",0.0346849270660179,0.416757645484958,0
"STAC2",0.0356828648804125,0.428074260618676,0
"KCNIP1",0.0358011814357431,0.428819416632098,0
"GPC3",0.0359358904011415,0.429758274003484,0
"DKKL1",0.0361261039813237,0.431356935245005,0
"TPD52L1",0.0367256526621194,0.437830552426981,0
"CFAP126",0.036792096183476,0.437938390415611,0
"ADARB2",0.0376897208108021,0.447227461350141,0
"MYL4",0.0376338060723592,0.447227461350141,0
"IBSP",0.0378021755052247,0.44786532782108,0
"PDLIM1",0.0381534831261781,0.451326664728627,0
"BRS3",0.038573565661465,0.45558958093825,0
"BIRC2",0.0388587586237062,0.45824861111559,0
"RASL10A",0.0396017635046618,0.466289928875667,0
"C1QB",0.0405427432876858,0.475983453278998,0
"GAST",0.0405497981494414,0.475983453278998,0
"TMEM114",0.0409545812423424,0.479996440212679,0
"LHX2",0.0411571094156266,0.481630282201672,0
"MAL",0.0412938824981406,0.482490816749975,0
"HOXC4",0.0416925064293419,0.486403589830529,0
"KLK6",0.0424502276175613,0.493733618321738,0
"PCSK5",0.0424318024203089,0.493733618321738,0
"ASIC4",0.0427161674363392,0.496070528087863,0
"APOC1",0.0428705892869273,0.497107224785543,0
"SCNN1A",0.0430778220592993,0.498752216621971,0
"ACTA2",0.043730661586565,0.505543612625957,0
"COX4I2",0.0447203778305836,0.515711706719077,0
"NXPH2",0.0447454071353393,0.515711706719077,0
"NECAB1",0.0454583315808244,0.52313825472804,0
"SNX33",0.0456886010493331,0.524996365172173,0
"COX6A2",0.0464594155613866,0.530656875089289,0
"GRM6",0.0463789411150467,0.530656875089289,0
"SERPINB1B",0.0464344556198213,0.530656875089289,0
"TMEM212",0.0463331118571765,0.530656875089289,0
"FAM92B",0.0478563797351965,0.545795862947924,0
"DAPL1",0.0481352934732791,0.548157469884366,0
"MNS1",0.0483413171189002,0.54968321341405,0
"HOXB6",0.0499944506673602,0.567634839548212,0
"RARRES1",0.0503936009786408,0.571316601476443,0
"RRM2",0.051690718054922,0.585152660630359,0
"CCKBR",0.0536219485910777,0.606115422311796,0
"RGS16",0.054185916327397,0.611584178107597,0
"NMBR",0.0543487379042277,0.612515819916155,0
"HOXB3",0.0555323393760883,0.624932039073837,0
"CCDC153",0.0561421251141121,0.629294770549739,0
"COL20A1",0.056167451534349,0.629294770549739,0
"RD3L",0.0561188916859725,0.629294770549739,0
"SCUBE1",0.0573359788638803,0.641444923125856,0
"PAPPA2",0.058111059480713,0.649164265644715,0
"ANKRD34B",0.0597445057076326,0.666435903395273,0
"CTXN3",0.0603700096132759,0.672430167242965,0
"TRIM54",0.0622998750671548,0.692914381882886,0
"GPSM3",0.0631319505681249,0.701146848279549,0
"IDO1",0.0639277440263609,0.708953018447841,0
"CRISP1",0.0643032813420653,0.712082690103374,0
"FCMR",0.0646247223014531,0.714470511663025,0
"PAX8",0.0647061918093943,0.714470511663025,0
"GABRA6",0.0648220528758521,0.714715501685414,0
"DRD2",0.0675411094500529,0.743620700711217,0
"HTR5A",0.0678879013251537,0.745331926642523,0
"SLC18A3",0.0678919079908934,0.745331926642523,0
"CBR2",0.0686036721877816,0.752063720574641,0
"PGAM2",0.0687164837686116,0.752219635554624,0
"SSTR1",0.0689534884502687,0.753732662318395,0
"KCNJ8",0.069268563478093,0.756093528401457,0
"TYRP1",0.0700174340233845,0.763175932949166,0
"HSPA1A",0.0709683485448764,0.772437228013905,0
"FOLR1",0.0721718419217217,0.784417352817609,0
"FERMT1",0.0730823598522846,0.792888021456195,0
"INSRR",0.073159040423276,0.792888021456195,0
"PPP1R3G",0.0744390660141401,0.805616428300121,0
"CD93",0.0751914049640963,0.812158850258554,0
"SCN7A",0.0753629210918935,0.812158850258554,0
"SPP2",0.0753151186785443,0.812158850258554,0
"ANGPT4",0.075718472511738,0.814839595491745,0
"CCL7",0.0767522640365637,0.823641289495642,0
"TRPS1",0.0767289234432011,0.823641289495642,0
"HIGD1B",0.0772047802642026,0.827333696445029,0
"THBD",0.078541770493965,0.840480559440755,0
"AQP4",0.0789972093265285,0.842989612562752,0
"NPFFR2",0.0789687662895266,0.842989612562752,0
"PPM1J",0.079400046839859,0.846104981049675,0
"ADORA3",0.080389158763545,0.855450419804667,0
"SEMA3C",0.0816224854069718,0.867364985319441,0
"PTH2R",0.0820510366198137,0.87070632101758,0
"CALCA",0.0830443103029306,0.879857811726555,0
"TACR3",0.0831440630285516,0.879857811726555,0
"RAB37",0.0837065695083876,0.884583555975218,0
"HOXB8",0.084252960374001,0.889126158655945,0
"BDKRB2",0.0846523074258054,0.892106594513762,0
"CLCA3A1",0.0848855930680636,0.893331187583714,0
"TMC3",0.0856400295375415,0.900029414500068,0
"ADRB3",0.0862016399204046,0.90468550617979,0
"MEOX1",0.0874451030334567,0.91647501550369,0
"KRT17",0.0877357427885679,0.91700185158119,0
"RAMP3",0.0877292460431509,0.91700185158119,0
"C1QL1",0.0890366016534474,0.929325200335304,0
"HOXA10",0.0891732172136356,0.929479616003014,0
"ARSJ",0.0894488636519158,0.931080794526037,0
"SOX14",0.0896271934997681,0.93166601361333,0
"STARD8",0.0897686325799407,0.931866686039344,0
"AGRP",0.0903891744271614,0.935762091006229,0
"HTR1D",0.0902761937994978,0.935762091006229,0
"KCNH8",0.0909724911402385,0.940524776934153,0
"PROKR1",0.0913633697154582,0.94328773181916,0
"PAK4",0.0917096699495947,0.945583588907968,0
"UBE2C",0.0948525017804811,0.97666831268342,0
"A2M",0.168084590445648,1,0
"ABCC9",0.57880607239027,1,0
"ABI3BP",0.138878238262219,1,0
"ACBD7",0.239386563624048,1,0
"ADA",0.507717291536263,1,0
"ADAMTS15",0.14442899784273,1,0
"ADCY1",0.479036364365399,1,0
"ADGRG2",0.128477954735242,1,0
"ADGRG6",0.411972314817127,1,0
"ADM",0.287480675537287,1,0
"ADORA2B",0.0976482772675524,1,0
"ADRA1B",0.771257255756189,1,0
"ADRB2",0.122868472967688,1,0
"AFP",0.256623718697664,1,0
"AGT",0.124686598799639,1,0
"ALDH3B2",0.133143070765434,1,0
"ANPEP",0.79229114780645,1,0
"APLNR",0.363132834854978,1,0
"APOLD1",0.159004013322573,1,0
"AQP1",0.216722978257283,1,0
"AREG",0.235097129714298,1,0
"ARG1",0.359612957610136,1,0
"ARHGAP25",0.683710613440881,1,0
"ATF3",0.128302013408093,1,0
"ATP2A3",0.676090736393325,1,0
"BCL6",0.650994393922359,1,0
"BMP3",0.385007926671815,1,0
"BMP4",0.219177993728667,1,0
"BRCA1",0.839549085459697,1,0
"C1QTNF7",0.564750578732984,1,0
"CASP8",0.135170450778804,1,0
"CASR",0.586509985646736,1,0
"CCL4",0.138506831218166,1,0
"CCN4",0.148880183574271,1,0
"CCNA1",0.903147888505286,1,0
"CCR6",0.651359156282407,1,0
"CCRL2",0.718343515838113,1,0
"CD9",0.762248895849964,1,0
"CDC20",0.809113215711519,1,0
"CDHR1",0.13267931204256,1,0
"CDK1",0.764022925083644,1,0
"CDKL4",0.105725327684719,1,0
"CDKN1C",0.492657350939896,1,0
"CEACAM10",0.992810167186867,1,0
"CEMIP",0.205324812546254,1,0
"CFAP58",0.859838219292503,1,0
"CFH",0.720070154408338,1,0
"CHAT",0.171291681536171,1,0
"CHRNA2",0.218301479917841,1,0
"CHRNA6",0.300874044184182,1,0
"CHRNB3",0.305921627248103,1,0
"CKS2",0.0981879309967668,1,0
"CLDN19",0.292677562054046,1,0
"CLDN5",0.693047950490251,1,0
"CLIC5",0.193991604566455,1,0
"CNN1",0.90954236756756,1,0
"CNPY1",0.570433735804494,1,0
"CNR1",0.172418880633149,1,0
"CNR2",0.184075351630862,1,0
"COL11A1",0.947662260222234,1,0
"COL24A1",0.190137403264801,1,0
"COL3A1",0.294363526309135,1,0
"COL5A1",0.106737553464945,1,0
"CORO6",0.176569451615804,1,0
"CORT",0.513510558516045,1,0
"COX8B",0.251395595846331,1,0
"CPB1",0.750602936598097,1,0
"CPXM2",0.211800473464965,1,0
"CRABP1",0.282079934725909,1,0
"CRCT1",0.663481993319958,1,0
"CRHBP",0.119165904710015,1,0
"CRHR2",0.523768352803707,1,0
"CRISPLD2",0.652911141587128,1,0
"CTGF",0.114303694991896,1,0
"CXCL1",0.740673451935389,1,0
"DBH",0.173608455528075,1,0
"DEGS2",0.988711980454744,1,0
"DKK1",0.342586762900599,1,0
"DLX1",0.138830979416196,1,0
"DLX2",0.401277284575527,1,0
"DMKN",0.584624939165014,1,0
"DPT",0.109253954578285,1,0
"DRD3",0.796581436166153,1,0
"DYNLRB2",0.203588628147426,1,0
"ECSCR",0.865754694994816,1,0
"EDN3",0.132624403352595,1,0
"EFHD1",0.262417868844772,1,0
"EN1",0.124088493804364,1,0
"EPYC",0.985558628756252,1,0
"ESPN",0.112186653983263,1,0
"F13A1",0.356171782983731,1,0
"FAM169B",0.394542189771259,1,0
"FAM216B",0.280339669725969,1,0
"FAT2",0.912092241644749,1,0
"FBLN2",0.305991519589973,1,0
"FBP2",0.308399544772054,1,0
"FEV",0.105498045021878,1,0
"GABRR2",0.654610801008114,1,0
"GCGR",0.557674561816566,1,0
"GCH1",0.262441127615169,1,0
"GHRHR",0.500036425990724,1,0
"GIPR",0.678016072726868,1,0
"GJB1",0.777793035435801,1,0
"GJB2",0.313865891569822,1,0
"GNB3",0.334562882642068,1,0
"GNRH1",0.181565315263559,1,0
"GNRHR",0.355560274145927,1,0
"GPR17",0.124275488711576,1,0
"GPR83",0.817977525236922,1,0
"GPX2",0.357106264607845,1,0
"GRIN2C",0.188422764213174,1,0
"GRP",0.1213804580388,1,0
"GRPR",0.634761019206762,1,0
"HAND1",0.37856027851317,1,0
"HCRTR2",0.477936704618036,1,0
"HOXA9",0.800907070056455,1,0
"HOXB5",0.227893612402896,1,0
"HOXB7",0.277117927328671,1,0
"HOXC10",0.175169198563509,1,0
"HOXC8",0.388573178050329,1,0
"HOXC9",0.621565436393836,1,0
"HRH4",0.129881214104365,1,0
"HSPB7",0.690459078786565,1,0
"HTR2B",0.767801175748585,1,0
"HTR3B",0.506883115518316,1,0
"ID2",0.402398279777885,1,0
"IGFBPL1",0.243001441647942,1,0
"IL23A",0.144270755083433,1,0
"IRX4",0.752375118862385,1,0
"ISL1",0.34816382986674,1,0
"ISL2",0.147191109335927,1,0
"IYD",0.854097503804986,1,0
"KCNC2",0.137068917498262,1,0
"KCNMB1",0.295434701791727,1,0
"KCNMB2",0.724724894152596,1,0
"KISS1R",0.288891283399522,1,0
"KLHL14",0.193597748723201,1,0
"KRT19",0.528008778188841,1,0
"LANCL3",0.544566725777865,1,0
"LBP",0.684299546470416,1,0
"LBX1",0.780243584410526,1,0
"LCN2",0.945759759927208,1,0
"LEFTY1",0.92973727764772,1,0
"LMCD1",0.909653296342685,1,0
"LPAR3",0.228785957378989,1,0
"LRG1",0.26401382347992,1,0
"LRRTM2",0.175119918565018,1,0
"LUM",0.993779084631932,1,0
"LY6A",0.109634592515691,1,0
"LY6C1",0.368962879915035,1,0
"MCHR1",0.815635669306133,1,0
"MEGF11",0.740894616384999,1,0
"MFAP4",0.962451808675606,1,0
"MFSD2A",0.332646020385373,1,0
"MGP",0.171385456784381,1,0
"MGST1",0.582723548142696,1,0
"MKI67",0.0994439378427517,1,0
"MPZ",0.155638493784994,1,0
"MRGPRD",0.975843814881689,1,0
"MS4A15",0.229256984984037,1,0
"MS4A7",0.261171297635986,1,0
"MTNR1A",0.174734480475176,1,0
"MTNR1B",0.137886907060728,1,0
"MUSTN1",0.989445988944256,1,0
"MYC",0.646720333150857,1,0
"MYH11",0.199638077249844,1,0
"NCCRP1",0.116022271943984,1,0
"NCMAP",0.39810533584668,1,0
"NDUFA4L2",0.60876749648175,1,0
"NFIB",0.173298598118186,1,0
"NGFR",0.134833187727337,1,0
"NMUR1",0.169220300313331,1,0
"NMUR2",0.943377699932382,1,0
"NPBWR1",0.610515383604478,1,0
"NPFF",0.809150914240832,1,0
"NPPB",0.154404103152158,1,0
"NPY1R",0.993947027825869,1,0
"NPY5R",0.223571394545712,1,0
"NRL",0.239084780298197,1,0
"NRTN",0.307502451737858,1,0
"NTF3",0.963661336717018,1,0
"NXPH3",0.519340871389411,1,0
"OPRD1",0.578122707893922,1,0
"OPRK1",0.348969984596531,1,0
"OPRM1",0.773210225413135,1,0
"OTX1",0.872791714139221,1,0
"PAPPA",0.898813202217871,1,0
"PAQR5",0.239733053509898,1,0
"PARP14",0.862232059231667,1,0
"PAX2",0.901273696656428,1,0
"PAX5",0.491684838758514,1,0
"PCP2",0.164444313078144,1,0
"PDE6G",0.499959357182948,1,0
"PF4",0.91508124790582,1,0
"PLA2G5",0.518459063178503,1,0
"PLIN3",0.513974877096354,1,0
"POU3F1",0.100366747237624,1,0
"POU4F2",0.606078437239373,1,0
"POU4F3",0.622594042844956,1,0
"PRC1",0.523814758510217,1,0
"PRLHR",0.71210324770977,1,0
"PROCR",0.347787552530667,1,0
"PROK2",0.750186564503645,1,0
"PTGIR",0.554875862841735,1,0
"PTH1R",0.215297502731316,1,0
"PTHLH",0.223658178174936,1,0
"PYY",0.476670100044491,1,0
"RASL11A",0.699921711738659,1,0
"RGS12",0.128061605464686,1,0
"RGS14",0.0974633574237591,1,0
"RGS5",0.139471376917217,1,0
"RHCG",0.744248978330544,1,0
"RINL",0.118272996466092,1,0
"RSPO3",0.907857454986273,1,0
"RXFP3",0.0982038829200845,1,0
"S100A4",0.367741047018065,1,0
"SAG",0.146060644928744,1,0
"SALL3",0.813228048767776,1,0
"SAMSN1",0.14966028845897,1,0
"SCGB3A1",0.22848615127224,1,0
"SCGN",0.126188533282713,1,0
"SCN10A",0.998962534148347,1,0
"SCTR",0.861034767580984,1,0
"SEMA3F",0.133477231753977,1,0
"SHISA8",0.363649160460648,1,0
"SLA",0.174151116467542,1,0
"SLA2",0.251287198310476,1,0
"SLC13A3",0.180249778840552,1,0
"SLC22A4",0.492939180686045,1,0
"SLC26A3",0.930059170230409,1,0
"SLC47A1",0.656342375245554,1,0
"SLC5A7",0.264898402393381,1,0
"SLC6A13",0.592724488282757,1,0
"SLC6A2",0.415747451306973,1,0
"SLC6A3",0.606132360619036,1,0
"SLN",0.106850889249534,1,0
"SOCS3",0.117030228297972,1,0
"SOX11",0.223474032491195,1,0
"SPDEF",0.962715221663536,1,0
"SPON2",0.297096452714349,1,0
"SPP1",0.191295236737545,1,0
"SSPO",0.292581394189899,1,0
"SSTR2",0.73384667204754,1,0
"ST8SIA4",0.125362005787541,1,0
"TACR1",0.489271806140364,1,0
"TACR2",0.652620888260514,1,0
"TACSTD2",0.933866604912888,1,0
"TAX1BP3",0.850981832767005,1,0
"TBX18",0.10347081152257,1,0
"TBX20",0.880448943088643,1,0
"TEDDM3",0.338120643638077,1,0
"TFAP2D",0.758393872172904,1,0
"TM4SF4",0.995046547076293,1,0
"TMEM119",0.108338323526067,1,0
"TMEM255B",0.31869310633846,1,0
"TMEM26",0.208932937144312,1,0
"TMEM54",0.753958454544132,1,0
"TMEM72",0.778451564834984,1,0
"TNF",0.751126290609801,1,0
"TNNI3",0.147188229563186,1,0
"TNNT3",0.125081383386277,1,0
"TPH2",0.400906466473018,1,0
"TRP73",0.597948295958949,1,0
"TRPV1",0.432248966220026,1,0
"TSPAN8",0.855023708310517,1,0
"TUBA1C",0.810295074029931,1,0
"UCN",0.819784714078735,1,0
"UCN3",0.0999310323205608,1,0
"UNG",0.322671748949951,1,0
"VGLL3",0.171228551969324,1,0
"VIPR2",0.108926023556237,1,0
"VSIG8",0.112263682730794,1,0
"WFDC12",0.996281646893295,1,0
"WNT2",0.450037462469987,1,0
"YJEFN3",0.104691199686405,1,0
"ZMYM1",0.880107380479156,1,0
