"gene","combinedPval","adjustedPval","pred","truth"
"gene1",0,0,1,1
"gene2",0,0,1,1
"gene3",0,0,1,1
"gene4",0,0,1,1
"gene5",0,0,1,1
"gene6",0,0,1,1
"gene7",0,0,1,1
"gene8",0,0,1,1
"gene9",0,0,1,1
"gene10",0,0,1,1
"gene11",0,0,1,1
"gene12",0,0,1,1
"gene13",0,0,1,1
"gene14",0,0,1,1
"gene15",0,0,1,1
"gene16",0,0,1,1
"gene17",0,0,1,1
"gene18",0,0,1,1
"gene19",0,0,1,1
"gene20",0,0,1,1
"gene21",0,0,1,1
"gene22",0,0,1,1
"gene23",0,0,1,1
"gene24",0,0,1,1
"gene25",0,0,1,1
"gene26",0,0,1,1
"gene27",0,0,1,1
"gene28",0,0,1,1
"gene29",0,0,1,1
"gene30",0,0,1,1
"gene31",0,0,1,1
"gene32",0,0,1,1
"gene34",0,0,1,1
"gene35",0,0,1,1
"gene37",0,0,1,1
"gene40",0,0,1,1
"gene43",0,0,1,1
"gene46",0,0,1,1
"gene49",0,0,1,1
"gene50",0,0,1,1
"gene52",0,0,1,1
"gene55",0,0,1,1
"gene58",0,0,1,1
"gene63",0,0,1,1
"gene65",0,0,1,1
"gene68",0,0,1,1
"gene70",0,0,1,1
"gene73",0,0,1,1
"gene74",0,0,1,1
"gene75",0,0,1,1
"gene77",0,0,1,1
"gene78",0,0,1,1
"gene80",0,0,1,1
"gene82",0,0,1,1
"gene83",0,0,1,1
"gene85",0,0,1,1
"gene88",0,0,1,1
"gene90",0,0,1,1
"gene91",0,0,1,1
"gene92",0,0,1,1
"gene93",0,0,1,1
"gene95",0,0,1,1
"gene99",0,0,1,1
"gene105",0,0,1,1
"gene109",0,0,1,1
"gene110",0,0,1,1
"gene114",0,0,1,1
"gene115",0,0,1,1
"gene113",2.55274804337629e-305,2.7693508830464e-303,1,1
"gene72",2.90226107546682e-302,3.10354153001662e-300,1,1
"gene62",7.20712035451747e-301,7.59840695805912e-299,1,1
"gene89",3.26670865933611e-289,3.39622951102332e-287,1,1
"gene103",1.02198712617862e-268,1.04795271957091e-266,1,1
"gene64",4.72135880046525e-263,4.77589104366021e-261,1,1
"gene117",3.48231163120762e-254,3.47556563236802e-252,1,1
"gene116",7.66428267310793e-249,7.54878481796978e-247,1,1
"gene119",1.54947857640771e-248,1.50630866659051e-246,1,1
"gene97",5.43743735484426e-246,5.21817677894291e-244,1,1
"gene104",2.30099453467614e-245,2.18025665058276e-243,1,1
"gene71",2.15565267317455e-241,2.01700940881444e-239,1,1
"gene118",2.78378327133791e-239,2.57258377280092e-237,1,1
"gene86",2.95032271996072e-233,2.69323838408361e-231,1,1
"gene84",9.12090269660245e-233,8.2258134165461e-231,1,1
"gene87",1.01264173687218e-217,9.02392882563551e-216,1,1
"gene47",9.22940379958269e-214,8.12781567082693e-212,1,1
"gene67",1.9850793829772e-203,1.72782021827384e-201,1,1
"gene53",1.78415777741539e-173,1.53508747741002e-171,1,1
"gene76",1.22377557573349e-169,1.04097004681889e-167,1,1
"gene96",2.61511130855937e-157,2.19947634801313e-155,1,1
"gene66",1.48527559452619e-155,1.23533190919027e-153,1,1
"gene59",8.89661726742755e-139,7.31817245195582e-137,1,1
"gene100",1.22187183614683e-135,9.94161524435241e-134,1,1
"gene69",1.58122057973426e-119,1.27270758857025e-117,1,1
"gene79",6.12230071482465e-119,4.87535144684537e-117,1,1
"gene61",1.82780931536893e-115,1.44021193356175e-113,1,1
"gene44",3.4297566321986e-96,2.67430659678145e-94,1,1
"gene56",9.35587081964078e-84,7.21990705108189e-82,1,1
"gene81",9.88813671618027e-84,7.552791760623e-82,1,1
"gene94",1.65593497807522e-81,1.25206596215638e-79,1,1
"gene41",1.11638063610711e-71,8.35663472086244e-70,1,1
"gene101",5.24805020046152e-59,3.88951750992674e-57,1,1
"gene108",1.09617336658138e-49,8.04448411142777e-48,1,1
"gene38",6.13293890259436e-48,4.45708111115589e-46,1,1
"gene106",8.35346860916466e-28,6.01246594792539e-26,1,1
"gene98",4.46833794481927e-25,3.18548699819391e-23,1,1
"gene120",1.026885964174e-20,7.25162732257796e-19,1,1
"gene42",4.44089209850063e-16,3.10674471010979e-14,1,1
"gene33",5.55111512312578e-16,3.84747319423318e-14,1,1
"gene45",3.99680288865056e-15,2.74476619801443e-13,1,1
"gene51",5.43876055303372e-12,3.70106214884041e-10,1,1
"gene112",1.96017646558744e-11,1.32187782114336e-09,1,1
"gene54",4.99204007020637e-08,3.33640807859192e-06,1,1
"gene48",1.53075555063831e-05,0.00101402000609989,1,1
"gene39",0.000165521313164163,0.0108684646183366,0,1
"gene36",0.000312370837419196,0.0203325460972791,0,1
"gene102",0.000548571478387272,0.035399274279284,0,1
"gene950",0.00147179042657108,0.0941627722302121,0,0
"gene703",0.00243477529836467,0.154452877524546,0,0
"gene581",0.00276019156859519,0.173624651733244,0,0
"gene762",0.00623921900197177,0.389195766932098,0,0
"gene378",0.00688160633656487,0.425719534761446,0,0
"gene673",0.0069735489221997,0.427871288948755,0,0
"gene195",0.0072288492408632,0.43992959632352,0,0
"gene57",0.00846939772149269,0.511269595569718,0,1
"gene877",0.0107218885068574,0.642067071905206,0,0
"gene620",0.0111234786623059,0.660829169798764,0,0
"gene492",0.0124315197907259,0.732722670439634,0,0
"gene779",0.0133485675910533,0.780627451038407,0,0
"gene437",0.0138026808133818,0.800926860667027,0,0
"gene221",0.0150962221751869,0.869248701513505,0,0
"gene411",0.0153614033636169,0.877765933248202,0,0
"gene839",0.016819194246565,0.953784760837864,0,0
"gene671",0.0173750620660916,0.977898652601373,0,0
"gene60",0.0421664188024744,1,0,1
"gene107",0.275833645677766,1,0,1
"gene111",0.704440228546616,1,0,1
"gene121",0.871631418244381,1,0,0
"gene122",0.0401924331149182,1,0,0
"gene123",0.905652914671113,1,0,0
"gene124",0.205773196339125,1,0,0
"gene125",0.472885148322449,1,0,0
"gene126",0.471239418036318,1,0,0
"gene127",0.774089205752065,1,0,0
"gene128",0.433058559422526,1,0,0
"gene129",0.0185216713175491,1,0,0
"gene130",0.85166943543971,1,0,0
"gene131",0.331111592604386,1,0,0
"gene132",0.619175501820796,1,0,0
"gene133",0.574309959134416,1,0,0
"gene134",0.165246199228298,1,0,0
"gene135",0.0872036355513812,1,0,0
"gene136",0.559018508352713,1,0,0
"gene137",0.137841903728416,1,0,0
"gene138",0.172920736940553,1,0,0
"gene139",0.606382968501035,1,0,0
"gene140",0.137123704715908,1,0,0
"gene141",0.138593986111222,1,0,0
"gene142",0.480084394773903,1,0,0
"gene143",0.18285682561159,1,0,0
"gene144",0.226310795146825,1,0,0
"gene145",0.865648497963551,1,0,0
"gene146",0.282085188926911,1,0,0
"gene147",0.784664441969149,1,0,0
"gene148",0.928606349854109,1,0,0
"gene149",0.303434676220874,1,0,0
"gene150",0.887491743897933,1,0,0
"gene151",0.311292305066517,1,0,0
"gene152",0.828215685339641,1,0,0
"gene153",0.443156876313645,1,0,0
"gene154",0.838978699544166,1,0,0
"gene155",0.0378431834791686,1,0,0
"gene156",0.189850279213619,1,0,0
"gene157",0.331804098715882,1,0,0
"gene158",0.461132912682015,1,0,0
"gene159",0.781644325099621,1,0,0
"gene160",0.259924090693945,1,0,0
"gene161",0.392779366872017,1,0,0
"gene162",0.92685768183009,1,0,0
"gene163",0.165872983119318,1,0,0
"gene164",0.372017090543261,1,0,0
"gene165",0.307042644997146,1,0,0
"gene166",0.752811159489534,1,0,0
"gene167",0.162144978961553,1,0,0
"gene168",0.899999527428302,1,0,0
"gene169",0.14765647242717,1,0,0
"gene170",0.709847233996032,1,0,0
"gene171",0.788869396866246,1,0,0
"gene172",0.167596941780704,1,0,0
"gene173",0.375542329190128,1,0,0
"gene174",0.227525893170041,1,0,0
"gene175",0.80659946132709,1,0,0
"gene176",0.801111810814568,1,0,0
"gene177",0.859146684771452,1,0,0
"gene178",0.70723064556483,1,0,0
"gene179",0.608834628153693,1,0,0
"gene180",0.936533631626142,1,0,0
"gene181",0.273055606971737,1,0,0
"gene182",0.776817481045191,1,0,0
"gene183",0.950669264746043,1,0,0
"gene184",0.369630066120592,1,0,0
"gene185",0.857411802811173,1,0,0
"gene186",0.0483069129442146,1,0,0
"gene187",0.429473549183218,1,0,0
"gene188",0.408405154134215,1,0,0
"gene189",0.218168161761486,1,0,0
"gene190",0.309558176921296,1,0,0
"gene191",0.757963571089412,1,0,0
"gene192",0.463169185775367,1,0,0
"gene193",0.752110308672611,1,0,0
"gene194",0.0259831736755259,1,0,0
"gene196",0.687337810651563,1,0,0
"gene197",0.264628240000632,1,0,0
"gene198",0.881073536749406,1,0,0
"gene199",0.292662784012967,1,0,0
"gene200",0.483607473137996,1,0,0
"gene201",0.591440944942279,1,0,0
"gene202",0.61661341523119,1,0,0
"gene203",0.944611334241792,1,0,0
"gene204",0.812445367629242,1,0,0
"gene205",0.941397747043083,1,0,0
"gene206",0.246993116014722,1,0,0
"gene207",0.742415908149438,1,0,0
"gene208",0.666432450212013,1,0,0
"gene209",0.0976624495340537,1,0,0
"gene210",0.241010021948101,1,0,0
"gene211",0.65545198920711,1,0,0
"gene212",0.242843857096602,1,0,0
"gene213",0.740531583869567,1,0,0
"gene214",0.338414980756682,1,0,0
"gene215",0.995354143468504,1,0,0
"gene216",0.251608816143474,1,0,0
"gene217",0.340236995336146,1,0,0
"gene218",0.540627328558856,1,0,0
"gene219",0.431916105376728,1,0,0
"gene220",0.145699651115619,1,0,0
"gene222",0.891416951650556,1,0,0
"gene223",0.883234272965801,1,0,0
"gene224",0.124851440951228,1,0,0
"gene225",0.31716159678237,1,0,0
"gene226",0.387863764888095,1,0,0
"gene227",0.461421744329059,1,0,0
"gene228",0.617131014108037,1,0,0
"gene229",0.851585972252935,1,0,0
"gene230",0.0481475057207816,1,0,0
"gene231",0.412629098353818,1,0,0
"gene232",0.047822918138867,1,0,0
"gene233",0.871382894163863,1,0,0
"gene234",0.395256967384604,1,0,0
"gene235",0.0363530745034057,1,0,0
"gene236",0.440187243757146,1,0,0
"gene237",0.816628796128005,1,0,0
"gene238",0.364128482422567,1,0,0
"gene239",0.0517946978286037,1,0,0
"gene240",0.751320283458163,1,0,0
"gene241",0.816128107389382,1,0,0
"gene242",0.672423196688556,1,0,0
"gene243",0.0728290977815678,1,0,0
"gene244",0.64095468655333,1,0,0
"gene245",0.42342697471464,1,0,0
"gene246",0.576966183195655,1,0,0
"gene247",0.328989181799282,1,0,0
"gene248",0.521290955306796,1,0,0
"gene249",0.775923764271375,1,0,0
"gene250",0.0972381896958432,1,0,0
"gene251",0.315836898181694,1,0,0
"gene252",0.185454032148688,1,0,0
"gene253",0.581107957811935,1,0,0
"gene254",0.277540419028153,1,0,0
"gene255",0.658636049994948,1,0,0
"gene256",0.835801406804075,1,0,0
"gene257",0.686538890172585,1,0,0
"gene258",0.0264945492638768,1,0,0
"gene259",0.3578661529238,1,0,0
"gene260",0.621448419652275,1,0,0
"gene261",0.329032595540246,1,0,0
"gene262",0.173700769191409,1,0,0
"gene263",0.54623004479289,1,0,0
"gene264",0.635530242385846,1,0,0
"gene265",0.210221024670301,1,0,0
"gene266",0.545253857640498,1,0,0
"gene267",0.151667914567053,1,0,0
"gene268",0.68077375332411,1,0,0
"gene269",0.370749399086284,1,0,0
"gene270",0.403700164467102,1,0,0
"gene271",0.150312195164066,1,0,0
"gene272",0.532725400545848,1,0,0
"gene273",0.997709117601509,1,0,0
"gene274",0.40490078014449,1,0,0
"gene275",0.142213246435338,1,0,0
"gene276",0.466288990291866,1,0,0
"gene277",0.563123861190084,1,0,0
"gene278",0.0775455684447313,1,0,0
"gene279",0.890959417330136,1,0,0
"gene280",0.906438259783754,1,0,0
"gene281",0.438230384023331,1,0,0
"gene282",0.697887382768045,1,0,0
"gene283",0.441873558026186,1,0,0
"gene284",0.892425285234882,1,0,0
"gene285",0.291095358235171,1,0,0
"gene286",0.383652804271627,1,0,0
"gene287",0.365986067275791,1,0,0
"gene288",0.483437264079727,1,0,0
"gene289",0.888506306543748,1,0,0
"gene290",0.663353081012619,1,0,0
"gene291",0.846895730516702,1,0,0
"gene292",0.0519310647330971,1,0,0
"gene293",0.600340568003125,1,0,0
"gene294",0.237174135542646,1,0,0
"gene295",0.616448565434185,1,0,0
"gene296",0.510366252298643,1,0,0
"gene297",0.390280173747018,1,0,0
"gene298",0.239203139200854,1,0,0
"gene299",0.617284744671706,1,0,0
"gene300",0.531192543824555,1,0,0
"gene301",0.730668936151151,1,0,0
"gene302",0.151824963723214,1,0,0
"gene303",0.371010039223731,1,0,0
"gene304",0.204016429631433,1,0,0
"gene305",0.361542806056392,1,0,0
"gene306",0.870207742834864,1,0,0
"gene307",0.584882172838523,1,0,0
"gene308",0.0931766024819185,1,0,0
"gene309",0.554648483308948,1,0,0
"gene310",0.970919555635893,1,0,0
"gene311",0.711772359006621,1,0,0
"gene312",0.614854028992339,1,0,0
"gene313",0.238581368769636,1,0,0
"gene314",0.711184864235043,1,0,0
"gene315",0.516234231142688,1,0,0
"gene316",0.975534319901129,1,0,0
"gene317",0.964249890693361,1,0,0
"gene318",0.360938257696241,1,0,0
"gene319",0.997858265241954,1,0,0
"gene320",0.445710033520614,1,0,0
"gene321",0.373357455254854,1,0,0
"gene322",0.961926285809818,1,0,0
"gene323",0.538642989497412,1,0,0
"gene324",0.799719540185222,1,0,0
"gene325",0.923733865077426,1,0,0
"gene326",0.279611567501247,1,0,0
"gene327",0.401906174101989,1,0,0
"gene328",0.430114772977225,1,0,0
"gene329",0.593183668108239,1,0,0
"gene330",0.374917621924497,1,0,0
"gene331",0.848734966398159,1,0,0
"gene332",0.200881977589181,1,0,0
"gene333",0.458874080201343,1,0,0
"gene334",0.462702102245626,1,0,0
"gene335",0.397813274625894,1,0,0
"gene336",0.853262446440654,1,0,0
"gene337",0.570556257586838,1,0,0
"gene338",0.64927615238817,1,0,0
"gene339",0.973284690025136,1,0,0
"gene340",0.655069934863554,1,0,0
"gene341",0.942126214612226,1,0,0
"gene342",0.698069063585263,1,0,0
"gene343",0.188037192598595,1,0,0
"gene344",0.879132126514531,1,0,0
"gene345",0.0910622822310212,1,0,0
"gene346",0.258575697125738,1,0,0
"gene347",0.939072490829915,1,0,0
"gene348",0.0738315010885231,1,0,0
"gene349",0.415045125713856,1,0,0
"gene350",0.298002592984213,1,0,0
"gene351",0.634319545558156,1,0,0
"gene352",0.754837316848187,1,0,0
"gene353",0.822503874913603,1,0,0
"gene354",0.311438949904917,1,0,0
"gene355",0.583890119842231,1,0,0
"gene356",0.286556549138205,1,0,0
"gene357",0.543894837827977,1,0,0
"gene358",0.811122581674168,1,0,0
"gene359",0.0419619164956557,1,0,0
"gene360",0.76031769540375,1,0,0
"gene361",0.624880078878349,1,0,0
"gene362",0.775362563069137,1,0,0
"gene363",0.262702080484783,1,0,0
"gene364",0.232687564222823,1,0,0
"gene365",0.722552703723693,1,0,0
"gene366",0.27694700617171,1,0,0
"gene367",0.83916272318294,1,0,0
"gene368",0.684842921519307,1,0,0
"gene369",0.109069143640017,1,0,0
"gene370",0.48080549132672,1,0,0
"gene371",0.259961461347086,1,0,0
"gene372",0.728737359192799,1,0,0
"gene373",0.93476303306367,1,0,0
"gene374",0.347126518921346,1,0,0
"gene375",0.692731554375278,1,0,0
"gene376",0.515144528335844,1,0,0
"gene377",0.412269795259527,1,0,0
"gene379",0.624550851612566,1,0,0
"gene380",0.984207946462089,1,0,0
"gene381",0.421971309708564,1,0,0
"gene382",0.218034452508885,1,0,0
"gene383",0.630950170118966,1,0,0
"gene384",0.254657198060428,1,0,0
"gene385",0.658163500783493,1,0,0
"gene386",0.717869850393989,1,0,0
"gene387",0.34396271594027,1,0,0
"gene388",0.814696328343416,1,0,0
"gene389",0.787765768582453,1,0,0
"gene390",0.762002988808371,1,0,0
"gene391",0.189247519759532,1,0,0
"gene392",0.549463650453275,1,0,0
"gene393",0.757685530116601,1,0,0
"gene394",0.325632671569045,1,0,0
"gene395",0.971480906291054,1,0,0
"gene396",0.355137364471856,1,0,0
"gene397",0.721737250582308,1,0,0
"gene398",0.576216941253405,1,0,0
"gene399",0.0483151596372525,1,0,0
"gene400",0.384251407795813,1,0,0
"gene401",0.227414272092479,1,0,0
"gene402",0.937462759459841,1,0,0
"gene403",0.867933233781922,1,0,0
"gene404",0.417162923352631,1,0,0
"gene405",0.684933970409687,1,0,0
"gene406",0.0339686410946154,1,0,0
"gene407",0.0805312419177378,1,0,0
"gene408",0.84422045053233,1,0,0
"gene409",0.0773005489062553,1,0,0
"gene410",0.325409075649963,1,0,0
"gene412",0.762023273252764,1,0,0
"gene413",0.482284732483195,1,0,0
"gene414",0.991442860674218,1,0,0
"gene415",0.419059545586023,1,0,0
"gene416",0.616883293880609,1,0,0
"gene417",0.182306640423224,1,0,0
"gene418",0.735381389214607,1,0,0
"gene419",0.657365459293202,1,0,0
"gene420",0.310570563518118,1,0,0
"gene421",0.341948873439034,1,0,0
"gene422",0.208260509027821,1,0,0
"gene423",0.0921303282886616,1,0,0
"gene424",0.433666105269284,1,0,0
"gene425",0.184625803605865,1,0,0
"gene426",0.764471433947909,1,0,0
"gene427",0.986616546040548,1,0,0
"gene428",0.0829189984346124,1,0,0
"gene429",0.826479754768971,1,0,0
"gene430",0.662614076516835,1,0,0
"gene431",0.109315841255688,1,0,0
"gene432",0.786994617165352,1,0,0
"gene433",0.149433944084421,1,0,0
"gene434",0.87285510766113,1,0,0
"gene435",0.662060876135556,1,0,0
"gene436",0.444334600759315,1,0,0
"gene438",0.865916600694598,1,0,0
"gene439",0.62274295882993,1,0,0
"gene440",0.396867770161124,1,0,0
"gene441",0.811191337000465,1,0,0
"gene442",0.687457838955964,1,0,0
"gene443",0.756851270405733,1,0,0
"gene444",0.401788778515395,1,0,0
"gene445",0.266397870818254,1,0,0
"gene446",0.166577593399489,1,0,0
"gene447",0.0480972014497305,1,0,0
"gene448",0.685044326379753,1,0,0
"gene449",0.755466798871626,1,0,0
"gene450",0.172371074684375,1,0,0
"gene451",0.0440035445771897,1,0,0
"gene452",0.105058962956513,1,0,0
"gene453",0.831077917821055,1,0,0
"gene454",0.336331939954057,1,0,0
"gene455",0.525431044013592,1,0,0
"gene456",0.214879470546397,1,0,0
"gene457",0.480145442343505,1,0,0
"gene458",0.106842127717143,1,0,0
"gene459",0.846546341622775,1,0,0
"gene460",0.850704817642684,1,0,0
"gene461",0.984341710827724,1,0,0
"gene462",0.371801248085886,1,0,0
"gene463",0.54509337771204,1,0,0
"gene464",0.825564176694346,1,0,0
"gene465",0.315155721783512,1,0,0
"gene466",0.205896013622258,1,0,0
"gene467",0.0782122155074128,1,0,0
"gene468",0.324480906517771,1,0,0
"gene469",0.814834864915606,1,0,0
"gene470",0.177835291418788,1,0,0
"gene471",0.236016074988076,1,0,0
"gene472",0.905431908990888,1,0,0
"gene473",0.761372675765341,1,0,0
"gene474",0.699310532394475,1,0,0
"gene475",0.977074755637219,1,0,0
"gene476",0.715578283440401,1,0,0
"gene477",0.710076846909164,1,0,0
"gene478",0.502020597470325,1,0,0
"gene479",0.682586349133069,1,0,0
"gene480",0.872403145132819,1,0,0
"gene481",0.827351079289844,1,0,0
"gene482",0.153810214100022,1,0,0
"gene483",0.880078815450362,1,0,0
"gene484",0.521221035233724,1,0,0
"gene485",0.881310277238712,1,0,0
"gene486",0.792865986647125,1,0,0
"gene487",0.688951642007183,1,0,0
"gene488",0.452275555633213,1,0,0
"gene489",0.135564158157671,1,0,0
"gene490",0.398648379971917,1,0,0
"gene491",0.0584019976938117,1,0,0
"gene493",0.537589129016279,1,0,0
"gene494",0.767330508816723,1,0,0
"gene495",0.104390880558498,1,0,0
"gene496",0.082804220514636,1,0,0
"gene497",0.84666944586197,1,0,0
"gene498",0.196415385737787,1,0,0
"gene499",0.921490024316959,1,0,0
"gene500",0.545725019079138,1,0,0
"gene501",0.578692891609441,1,0,0
"gene502",0.202046989124769,1,0,0
"gene503",0.229342961204561,1,0,0
"gene504",0.772131294053297,1,0,0
"gene505",0.101131774546989,1,0,0
"gene506",0.817447865529557,1,0,0
"gene507",0.0200990620132062,1,0,0
"gene508",0.797732279493131,1,0,0
"gene509",0.0749071036818618,1,0,0
"gene510",0.312094185861494,1,0,0
"gene511",0.259001496962372,1,0,0
"gene512",0.448459779572547,1,0,0
"gene513",0.733828919033773,1,0,0
"gene514",0.64967082768043,1,0,0
"gene515",0.909760661059409,1,0,0
"gene516",0.781701055463478,1,0,0
"gene517",0.283796346892996,1,0,0
"gene518",0.711309115272966,1,0,0
"gene519",0.491909164708604,1,0,0
"gene520",0.91170295060775,1,0,0
"gene521",0.969543210696424,1,0,0
"gene522",0.537416507792859,1,0,0
"gene523",0.536747946342109,1,0,0
"gene524",0.618264850627231,1,0,0
"gene525",0.0840637455069699,1,0,0
"gene526",0.504974509027559,1,0,0
"gene527",0.850604887092258,1,0,0
"gene528",0.979982295865516,1,0,0
"gene529",0.457958126512599,1,0,0
"gene530",0.165919066511881,1,0,0
"gene531",0.809111888726192,1,0,0
"gene532",0.405106325011532,1,0,0
"gene533",0.266964614651274,1,0,0
"gene534",0.14001017054102,1,0,0
"gene535",0.227577110560531,1,0,0
"gene536",0.713167772195541,1,0,0
"gene537",0.395517034081772,1,0,0
"gene538",0.929507072775741,1,0,0
"gene539",0.456055074257583,1,0,0
"gene540",0.748233874779928,1,0,0
"gene541",0.22142668315863,1,0,0
"gene542",0.142487255154408,1,0,0
"gene543",0.068503207899085,1,0,0
"gene544",0.870966214038793,1,0,0
"gene545",0.359410336016471,1,0,0
"gene546",0.427213682605438,1,0,0
"gene547",0.817504176270749,1,0,0
"gene548",0.0486787154689488,1,0,0
"gene549",0.683269383856183,1,0,0
"gene550",0.963742784812198,1,0,0
"gene551",0.301002617594708,1,0,0
"gene552",0.615931826045372,1,0,0
"gene553",0.47511224112131,1,0,0
"gene554",0.965132274154955,1,0,0
"gene555",0.607166418093256,1,0,0
"gene556",0.567759338609269,1,0,0
"gene557",0.61495041230875,1,0,0
"gene558",0.641595763683192,1,0,0
"gene559",0.38788642280363,1,0,0
"gene560",0.97251646649309,1,0,0
"gene561",0.713338737784613,1,0,0
"gene562",0.117757913827436,1,0,0
"gene563",0.810847818476816,1,0,0
"gene564",0.261171855589167,1,0,0
"gene565",0.500690038308699,1,0,0
"gene566",0.366528415960288,1,0,0
"gene567",0.0915448437975751,1,0,0
"gene568",0.772242171168991,1,0,0
"gene569",0.298899600793818,1,0,0
"gene570",0.347232747028201,1,0,0
"gene571",0.699400471195359,1,0,0
"gene572",0.284098290456763,1,0,0
"gene573",0.433739319648254,1,0,0
"gene574",0.215775278706407,1,0,0
"gene575",0.212033927085918,1,0,0
"gene576",0.433226665604858,1,0,0
"gene577",0.333917790533588,1,0,0
"gene578",0.21237923572353,1,0,0
"gene579",0.640663887589681,1,0,0
"gene580",0.0824606407702462,1,0,0
"gene582",0.517684306074378,1,0,0
"gene583",0.608628303863031,1,0,0
"gene584",0.907795607451092,1,0,0
"gene585",0.453215038339614,1,0,0
"gene586",0.702311552604551,1,0,0
"gene587",0.368585876798564,1,0,0
"gene588",0.389340573853201,1,0,0
"gene589",0.70935327474115,1,0,0
"gene590",0.812424879288308,1,0,0
"gene591",0.868458003210439,1,0,0
"gene592",0.366350479363357,1,0,0
"gene593",0.0632263715718456,1,0,0
"gene594",0.484262058819198,1,0,0
"gene595",0.16547955293492,1,0,0
"gene596",0.975645041938856,1,0,0
"gene597",0.916448323195952,1,0,0
"gene598",0.875400146931624,1,0,0
"gene599",0.796397301601315,1,0,0
"gene600",0.880320849642759,1,0,0
"gene601",0.791003021656493,1,0,0
"gene602",0.100038178741407,1,0,0
"gene603",0.178253042424904,1,0,0
"gene604",0.654012403448825,1,0,0
"gene605",0.762883346933272,1,0,0
"gene606",0.535594564786489,1,0,0
"gene607",0.0847586516324386,1,0,0
"gene608",0.0668888932744243,1,0,0
"gene609",0.16881363860216,1,0,0
"gene610",0.923656522225717,1,0,0
"gene611",0.116016681147196,1,0,0
"gene612",0.911806084668237,1,0,0
"gene613",0.278197109657298,1,0,0
"gene614",0.537982431989066,1,0,0
"gene615",0.947204335463754,1,0,0
"gene616",0.544465295895276,1,0,0
"gene617",0.186040902473367,1,0,0
"gene618",0.765604290225964,1,0,0
"gene619",0.778469764603691,1,0,0
"gene621",0.719375156731787,1,0,0
"gene622",0.505288592030198,1,0,0
"gene623",0.829887535089767,1,0,0
"gene624",0.842926193792779,1,0,0
"gene625",0.186661713362716,1,0,0
"gene626",0.27013706876115,1,0,0
"gene627",0.362570859123196,1,0,0
"gene628",0.795335041066204,1,0,0
"gene629",0.75042554163331,1,0,0
"gene630",0.711260255299782,1,0,0
"gene631",0.385624381980332,1,0,0
"gene632",0.818135105916809,1,0,0
"gene633",0.135954056195508,1,0,0
"gene634",0.0529504133460141,1,0,0
"gene635",0.0963384550270669,1,0,0
"gene636",0.0818875014519048,1,0,0
"gene637",0.784059188313903,1,0,0
"gene638",0.849899978213343,1,0,0
"gene639",0.263842509772764,1,0,0
"gene640",0.372244302723763,1,0,0
"gene641",0.568213115780969,1,0,0
"gene642",0.914813787473527,1,0,0
"gene643",0.0627337626105799,1,0,0
"gene644",0.99886290899063,1,0,0
"gene645",0.508282777629783,1,0,0
"gene646",0.827010221236875,1,0,0
"gene647",0.547828571803415,1,0,0
"gene648",0.396558730129503,1,0,0
"gene649",0.247410996863641,1,0,0
"gene650",0.620867693819844,1,0,0
"gene651",0.385743452188657,1,0,0
"gene652",0.0736262283233631,1,0,0
"gene653",0.811804915389525,1,0,0
"gene654",0.981212262432008,1,0,0
"gene655",0.239134029053941,1,0,0
"gene656",0.0654108314621158,1,0,0
"gene657",0.902696432109682,1,0,0
"gene658",0.854890964726529,1,0,0
"gene659",0.659178120188491,1,0,0
"gene660",0.048476880974952,1,0,0
"gene661",0.600747395220447,1,0,0
"gene662",0.885531786257302,1,0,0
"gene663",0.109891681376327,1,0,0
"gene664",0.332517641105902,1,0,0
"gene665",0.855761762363048,1,0,0
"gene666",0.365751720097348,1,0,0
"gene667",0.0793445737190999,1,0,0
"gene668",0.145962971420109,1,0,0
"gene669",0.559397616555451,1,0,0
"gene670",0.405670677574787,1,0,0
"gene672",0.891026116452409,1,0,0
"gene674",0.40017889571197,1,0,0
"gene675",0.234312446014753,1,0,0
"gene676",0.0437316041413689,1,0,0
"gene677",0.283827139227609,1,0,0
"gene678",0.898166568103688,1,0,0
"gene679",0.0766481433831814,1,0,0
"gene680",0.0408298759017113,1,0,0
"gene681",0.584468582004233,1,0,0
"gene682",0.99428238668089,1,0,0
"gene683",0.635286018415737,1,0,0
"gene684",0.0478094765232064,1,0,0
"gene685",0.997781804350504,1,0,0
"gene686",0.884647192741268,1,0,0
"gene687",0.346844496613549,1,0,0
"gene688",0.64170834085796,1,0,0
"gene689",0.980638418596728,1,0,0
"gene690",0.982359091012522,1,0,0
"gene691",0.211444332660959,1,0,0
"gene692",0.189157170578905,1,0,0
"gene693",0.579326704048124,1,0,0
"gene694",0.112681686844491,1,0,0
"gene695",0.926972373875867,1,0,0
"gene696",0.500212468058856,1,0,0
"gene697",0.671967324570577,1,0,0
"gene698",0.864806174565355,1,0,0
"gene699",0.0439466259405559,1,0,0
"gene700",0.844225357719334,1,0,0
"gene701",0.135472460251161,1,0,0
"gene702",0.947168291932799,1,0,0
"gene704",0.362596332111993,1,0,0
"gene705",0.44816562812908,1,0,0
"gene706",0.832261525806336,1,0,0
"gene707",0.78006322398922,1,0,0
"gene708",0.58622028621409,1,0,0
"gene709",0.812800043264311,1,0,0
"gene710",0.582759533750682,1,0,0
"gene711",0.344372255457083,1,0,0
"gene712",0.600310060364498,1,0,0
"gene713",0.522609924926173,1,0,0
"gene714",0.0710036086384297,1,0,0
"gene715",0.0744318760352907,1,0,0
"gene716",0.396954904510579,1,0,0
"gene717",0.72489353740891,1,0,0
"gene718",0.689664891391043,1,0,0
"gene719",0.371500616032122,1,0,0
"gene720",0.901980712972689,1,0,0
"gene721",0.472345490541364,1,0,0
"gene722",0.683796494718131,1,0,0
"gene723",0.845496310243962,1,0,0
"gene724",0.370268456011901,1,0,0
"gene725",0.65526834310905,1,0,0
"gene726",0.354989782088301,1,0,0
"gene727",0.620250698430062,1,0,0
"gene728",0.046479728603011,1,0,0
"gene729",0.577622024576844,1,0,0
"gene730",0.633447539993765,1,0,0
"gene731",0.793202536683955,1,0,0
"gene732",0.162684542344249,1,0,0
"gene733",0.0328963862997864,1,0,0
"gene734",0.836653668325122,1,0,0
"gene735",0.793087126765331,1,0,0
"gene736",0.153292735532394,1,0,0
"gene737",0.375474042963314,1,0,0
"gene738",0.429257388560375,1,0,0
"gene739",0.993131969166962,1,0,0
"gene740",0.302879359280509,1,0,0
"gene741",0.304730328367206,1,0,0
"gene742",0.282595175633732,1,0,0
"gene743",0.0886518920531996,1,0,0
"gene744",0.401156152224101,1,0,0
"gene745",0.648956989157527,1,0,0
"gene746",0.708418596447434,1,0,0
"gene747",0.832768919209613,1,0,0
"gene748",0.277767255955558,1,0,0
"gene749",0.851329405688856,1,0,0
"gene750",0.163776616499808,1,0,0
"gene751",0.308959281375139,1,0,0
"gene752",0.738185436134966,1,0,0
"gene753",0.553669262177829,1,0,0
"gene754",0.292411120271818,1,0,0
"gene755",0.74339325994439,1,0,0
"gene756",0.0527129296173008,1,0,0
"gene757",0.148486345328193,1,0,0
"gene758",0.198507086111032,1,0,0
"gene759",0.0899013833384165,1,0,0
"gene760",0.534753951961239,1,0,0
"gene761",0.851391368003376,1,0,0
"gene763",0.2946281927684,1,0,0
"gene764",0.773222689144719,1,0,0
"gene765",0.912923912638884,1,0,0
"gene766",0.874690565773236,1,0,0
"gene767",0.407684860536551,1,0,0
"gene768",0.421063244484173,1,0,0
"gene769",0.254190493524449,1,0,0
"gene770",0.177192127125039,1,0,0
"gene771",0.488433023758536,1,0,0
"gene772",0.65450678222894,1,0,0
"gene773",0.936292250495402,1,0,0
"gene774",0.316552878541466,1,0,0
"gene775",0.320169076235202,1,0,0
"gene776",0.711995032793533,1,0,0
"gene777",0.968620828783874,1,0,0
"gene778",0.220225934031923,1,0,0
"gene780",0.520526046782959,1,0,0
"gene781",0.350256149188879,1,0,0
"gene782",0.403060822435195,1,0,0
"gene783",0.980846748745876,1,0,0
"gene784",0.380934646031712,1,0,0
"gene785",0.419187759833658,1,0,0
"gene786",0.605621812027175,1,0,0
"gene787",0.795839251747704,1,0,0
"gene788",0.179097803901881,1,0,0
"gene789",0.864051340797695,1,0,0
"gene790",0.0479849321797843,1,0,0
"gene791",0.211188696348917,1,0,0
"gene792",0.814085353928186,1,0,0
"gene793",0.45045942503816,1,0,0
"gene794",0.158649471270187,1,0,0
"gene795",0.372108278145702,1,0,0
"gene796",0.132335055123433,1,0,0
"gene797",0.357459421887055,1,0,0
"gene798",0.95398608040717,1,0,0
"gene799",0.671019094162009,1,0,0
"gene800",0.892797803160574,1,0,0
"gene801",0.124362900757992,1,0,0
"gene802",0.867775690985565,1,0,0
"gene803",0.70499922786696,1,0,0
"gene804",0.0322366682663442,1,0,0
"gene805",0.633084010316239,1,0,0
"gene806",0.0917380615446772,1,0,0
"gene807",0.565338674067833,1,0,0
"gene808",0.574590223192861,1,0,0
"gene809",0.797133599938129,1,0,0
"gene810",0.530533278342089,1,0,0
"gene811",0.129821677283731,1,0,0
"gene812",0.35167479139521,1,0,0
"gene813",0.801479950193615,1,0,0
"gene814",0.86805543910561,1,0,0
"gene815",0.899659478529771,1,0,0
"gene816",0.897315972182897,1,0,0
"gene817",0.619593824650158,1,0,0
"gene818",0.164077388481226,1,0,0
"gene819",0.101714327865785,1,0,0
"gene820",0.580526800972904,1,0,0
"gene821",0.949064723212336,1,0,0
"gene822",0.0665480738201545,1,0,0
"gene823",0.586921371301423,1,0,0
"gene824",0.506010380283183,1,0,0
"gene825",0.482581738084457,1,0,0
"gene826",0.711013378217119,1,0,0
"gene827",0.37171560421856,1,0,0
"gene828",0.422672387661305,1,0,0
"gene829",0.710789713551686,1,0,0
"gene830",0.827387083842467,1,0,0
"gene831",0.121375084010997,1,0,0
"gene832",0.0961017455538651,1,0,0
"gene833",0.155707888780857,1,0,0
"gene834",0.801259766861106,1,0,0
"gene835",0.144496651805879,1,0,0
"gene836",0.626741908592174,1,0,0
"gene837",0.68286125997527,1,0,0
"gene838",0.908179081632006,1,0,0
"gene840",0.446221850843026,1,0,0
"gene841",0.564029851475378,1,0,0
"gene842",0.981859120964187,1,0,0
"gene843",0.613277372009215,1,0,0
"gene844",0.698271142365973,1,0,0
"gene845",0.913181729726675,1,0,0
"gene846",0.853495378246735,1,0,0
"gene847",0.17811551144086,1,0,0
"gene848",0.925438042758992,1,0,0
"gene849",0.464171373987476,1,0,0
"gene850",0.208681174257354,1,0,0
"gene851",0.0216551655689023,1,0,0
"gene852",0.396792622398122,1,0,0
"gene853",0.386866882837463,1,0,0
"gene854",0.54253598104821,1,0,0
"gene855",0.359671936543034,1,0,0
"gene856",0.96064296514792,1,0,0
"gene857",0.452233426832583,1,0,0
"gene858",0.23131847239202,1,0,0
"gene859",0.213212034682472,1,0,0
"gene860",0.844921752535368,1,0,0
"gene861",0.221499532277715,1,0,0
"gene862",0.725554728084937,1,0,0
"gene863",0.588629406026266,1,0,0
"gene864",0.910943853918016,1,0,0
"gene865",0.443950159995469,1,0,0
"gene866",0.853099006400403,1,0,0
"gene867",0.981374396815455,1,0,0
"gene868",0.826024540119068,1,0,0
"gene869",0.72907786570895,1,0,0
"gene870",0.763398776702705,1,0,0
"gene871",0.608244913441392,1,0,0
"gene872",0.0668687994922865,1,0,0
"gene873",0.034037439152655,1,0,0
"gene874",0.285843538271193,1,0,0
"gene875",0.949719089869527,1,0,0
"gene876",0.63021253011738,1,0,0
"gene878",0.281225648760625,1,0,0
"gene879",0.237738661537528,1,0,0
"gene880",0.26733912268943,1,0,0
"gene881",0.494438401442059,1,0,0
"gene882",0.0304495600644485,1,0,0
"gene883",0.593368486976777,1,0,0
"gene884",0.68736332588911,1,0,0
"gene885",0.561018369938226,1,0,0
"gene886",0.677220412055967,1,0,0
"gene887",0.722569320062619,1,0,0
"gene888",0.253073146631678,1,0,0
"gene889",0.603007253485057,1,0,0
"gene890",0.794852448909099,1,0,0
"gene891",0.141954504674839,1,0,0
"gene892",0.230427641174308,1,0,0
"gene893",0.0960058264255454,1,0,0
"gene894",0.180871129509923,1,0,0
"gene895",0.534835083081888,1,0,0
"gene896",0.104333184526588,1,0,0
"gene897",0.275363533891347,1,0,0
"gene898",0.125977980948557,1,0,0
"gene899",0.665209706197977,1,0,0
"gene900",0.644837762957063,1,0,0
"gene901",0.808294768966482,1,0,0
"gene902",0.739480123559496,1,0,0
"gene903",0.894286509630248,1,0,0
"gene904",0.906389552512715,1,0,0
"gene905",0.75170165573994,1,0,0
"gene906",0.764067388453764,1,0,0
"gene907",0.692035054301025,1,0,0
"gene908",0.805957528137508,1,0,0
"gene909",0.0188313994935916,1,0,0
"gene910",0.357402347274385,1,0,0
"gene911",0.499486203293822,1,0,0
"gene912",0.943822035074033,1,0,0
"gene913",0.444213859137496,1,0,0
"gene914",0.847366157122135,1,0,0
"gene915",0.569602977963245,1,0,0
"gene916",0.663064617958263,1,0,0
"gene917",0.302866290152593,1,0,0
"gene918",0.789648985296404,1,0,0
"gene919",0.965490621843067,1,0,0
"gene920",0.618964115741245,1,0,0
"gene921",0.371635237234872,1,0,0
"gene922",0.109574755539309,1,0,0
"gene923",0.563363881454516,1,0,0
"gene924",0.709821779453211,1,0,0
"gene925",0.768798973217719,1,0,0
"gene926",0.022148466991325,1,0,0
"gene927",0.527226015914477,1,0,0
"gene928",0.31844066400821,1,0,0
"gene929",0.939998210481946,1,0,0
"gene930",0.331029697765832,1,0,0
"gene931",0.598864860882415,1,0,0
"gene932",0.195966382201286,1,0,0
"gene933",0.308081586281392,1,0,0
"gene934",0.568766614263401,1,0,0
"gene935",0.0761170619469911,1,0,0
"gene936",0.601017986497312,1,0,0
"gene937",0.289713242773271,1,0,0
"gene938",0.0832131254422331,1,0,0
"gene939",0.162711912128467,1,0,0
"gene940",0.86175541094847,1,0,0
"gene941",0.677317184455821,1,0,0
"gene942",0.394929941478769,1,0,0
"gene943",0.0348178108535703,1,0,0
"gene944",0.612455937261944,1,0,0
"gene945",0.572971210763992,1,0,0
"gene946",0.351882653361192,1,0,0
"gene947",0.810547873606692,1,0,0
"gene948",0.564757262901175,1,0,0
"gene949",0.994553242001881,1,0,0
"gene951",0.74170403308784,1,0,0
"gene952",0.457537341532726,1,0,0
"gene953",0.475629206160087,1,0,0
"gene954",0.264251135342887,1,0,0
"gene955",0.784049551064652,1,0,0
"gene956",0.740303782654168,1,0,0
"gene957",0.687107287309394,1,0,0
"gene958",0.113563487141153,1,0,0
"gene959",0.774764618772581,1,0,0
"gene960",0.649484370600479,1,0,0
"gene961",0.0644552947873307,1,0,0
"gene962",0.537715740173785,1,0,0
"gene963",0.478134208148122,1,0,0
"gene964",0.843639173010262,1,0,0
"gene965",0.826235976736709,1,0,0
"gene966",0.0512335180105354,1,0,0
"gene967",0.956704970844121,1,0,0
"gene968",0.554267742122765,1,0,0
"gene969",0.316957268711343,1,0,0
"gene970",0.589752098487617,1,0,0
"gene971",0.958719630130652,1,0,0
"gene972",0.588199731897315,1,0,0
"gene973",0.326555852094649,1,0,0
"gene974",0.108723678857255,1,0,0
"gene975",0.928459639769138,1,0,0
"gene976",0.395995662345464,1,0,0
"gene977",0.687578889519362,1,0,0
"gene978",0.741529212119474,1,0,0
"gene979",0.18825211629593,1,0,0
"gene980",0.0830068682456268,1,0,0
"gene981",0.86844827253637,1,0,0
"gene982",0.793010227058807,1,0,0
"gene983",0.646341390289262,1,0,0
"gene984",0.220030336589253,1,0,0
"gene985",0.843350363783918,1,0,0
"gene986",0.926711447776535,1,0,0
"gene987",0.927254076699799,1,0,0
"gene988",0.123710973252093,1,0,0
"gene989",0.629655283710708,1,0,0
"gene990",0.388023957830766,1,0,0
"gene991",0.295541158573436,1,0,0
"gene992",0.277046811980486,1,0,0
"gene993",0.245699750014823,1,0,0
"gene994",0.0614437831845356,1,0,0
"gene995",0.222854788352067,1,0,0
"gene996",0.860161702437131,1,0,0
"gene997",0.839905055157735,1,0,0
"gene998",0.210509910873885,1,0,0
"gene999",0.775761501383255,1,0,0
"gene1000",0.305698234037325,1,0,0
