"Gene Set ID","Gene Set Name","# Genes in Gene Set (K)","Description","# Genes in Overlap (k)","k/K","p-value","FDR q-value"
1,"GOBP_CELL_CELL_SIGNALING",1506,"Any process that mediates the transfer of information from one cell to another. This process includes signal transduction in the receiving cell and, where applicable, release of a ligand and any processes that actively facilitate its transport and presentation to the receiving cell. Examples include signaling via soluble ligands, via cell adhesion molecules and via gap junctions. [GOC:dos, GOC:mah]",82,0.0544,6.58e-49,7.07e-45
2,"GOBP_SYNAPTIC_SIGNALING",1035,"Cell-cell signaling to, from or within a synapse. [GOC:dos]",68,0.0657,1.86e-45,9.98e-42
3,"GOCC_NEURON_PROJECTION",1653,"A prolongation or process extending from a nerve cell, e.g. an axon or dendrite. [GOC:jl, PMID:3077060]",80,0.0484,7.03e-44,2.52e-40
4,"GOCC_SOMATODENDRITIC_COMPARTMENT",1211,"The region of a neuron that includes the cell body (cell soma) and dendrite(s), but excludes the axon. [GOC:pad, GOC:PARL]",68,0.0562,4.25e-41,1.14e-37
5,"GOBP_BEHAVIOR",882,"The internally coordinated responses (actions or inactions) of animals (individuals or groups) to internal or external stimuli, via a mechanism that involves nervous system activity. [GOC:ems, GOC:jl, ISBN:0395448956, PMID:20160973]",59,0.0669,9.08e-40,1.95e-36
6,"GOCC_EXTRACELLULAR_SPACE",1793,"That part of a multicellular organism outside the cells proper, usually taken to be outside the plasma membranes, and occupied by fluid. [ISBN:0198547684]",77,0.0429,1.53e-38,2.74e-35
7,"GOCC_AXON",883,"The long process of a neuron that conducts nerve impulses, usually away from the cell body to the terminals and varicosities, which are sites of storage and release of neurotransmitter. [GOC:nln, ISBN:0198506732]",55,0.0623,1.93e-35,2.96e-32
8,"GOBP_REGULATION_OF_TRANS_SYNAPTIC_SIGNALING",778,"Any process that modulates the frequency, rate or extent of trans-synaptic signaling. [GOC:dos]",50,0.0643,7.36e-33,9.88e-30
9,"GOBP_POSITIVE_REGULATION_OF_MULTICELLULAR_ORGANISMAL_PROCESS",1957,"Any process that activates or increases the frequency, rate or extent of an organismal process, any of the processes pertinent to the function of an organism above the cellular level; includes the integrated processes of tissues and organs. [GOC:ai]",72,0.0368,1.11e-31,1.33e-28
10,"GOCC_CELL_BODY",914,"The portion of a cell bearing surface projections such as axons, dendrites, cilia, or flagella that includes the nucleus, but excludes all cell projections. [GOC:go_curators]",52,0.0569,1.34e-31,1.45e-28
11,"GOBP_REGULATION_OF_TRANSPORT",1895,"Any process that modulates the frequency, rate or extent of the directed movement of substances (such as macromolecules, small molecules, ions) into, out of or within a cell, or between cells, by means of some agent such as a transporter or pore. [GOC:ai]",70,0.0369,7.08e-31,6.92e-28
12,"GOMF_SIGNALING_RECEPTOR_BINDING",1669,"Binding to one or more specific sites on a receptor molecule, a macromolecule that undergoes combination with a hormone, neurotransmitter, drug or intracellular messenger to initiate a change in cell function. [GOC:bf, GOC:ceb, ISBN:0198506732]",65,0.0389,6.49e-30,5.81e-27
13,"GOBP_REGULATION_OF_CELL_POPULATION_PROLIFERATION",1811,"Any process that modulates the frequency, rate or extent of cell proliferation. [GOC:jl]",65,0.0359,6.48e-28,5.35e-25
14,"GOCC_DENDRITIC_TREE",867,"The entire complement of dendrites for a neuron, consisting of each primary dendrite and all its branches. [GOC:aruk, GOC:bc, NIF_Subcellular:sao172297168]",45,0.0519,9.76e-26,7.44e-23
15,"GOBP_GENERATION_OF_NEURONS",1796,"The process in which nerve cells are generated. This includes the production of neuroblasts and their differentiation into neurons. [GOC:nln]",62,0.0345,1.04e-25,7.44e-23
16,"GOCC_PRESYNAPSE",931,"The part of a synapse that is part of the presynaptic cell. [GOC:dos]",46,0.0494,2.1e-25,1.41e-22
17,"GOBP_NEUROPEPTIDE_SIGNALING_PATHWAY",117,"A G protein-coupled receptor signaling pathway initiated by a neuropeptide binding to its receptor on the surface of a target cell, and ending with the regulation of a downstream cellular process. [GOC:mah, ISBN:0815316194]",22,0.188,2.96e-25,1.87e-22
18,"GOBP_REGULATION_OF_SYSTEM_PROCESS",674,"Any process that modulates the frequency, rate or extent of a system process, a multicellular organismal process carried out by any of the organs or tissues in an organ system. [GOC:jl]",40,0.0593,4.35e-25,2.6e-22
19,"GOBP_MONOATOMIC_ION_TRANSPORT",1329,"The directed movement of a monoatomic ion into, out of or within a cell, or between cells, by means of some agent such as a transporter or pore. Monatomic ions (also called simple ions) are ions consisting of exactly one atom. [GOC:ai]",53,0.0399,7.8e-25,4.41e-22
20,"GOBP_POSITIVE_REGULATION_OF_DEVELOPMENTAL_PROCESS",1561,"Any process that activates or increases the rate or extent of development, the biological process whose specific outcome is the progression of an organism over time from an initial condition (e.g. a zygote, or a young adult) to a later condition (e.g. a multicellular animal or an aged adult). [GOC:ai]",57,0.0365,8.2e-25,4.41e-22
21,"GOBP_ADENYLATE_CYCLASE_MODULATING_G_PROTEIN_COUPLED_RECEPTOR_SIGNALING_PATHWAY",300,"A G protein-coupled receptor signaling pathway in which the signal is transmitted via the activation or inhibition of adenylyl cyclase activity and a subsequent change in the intracellular concentration of cyclic AMP (cAMP). [GOC:mah, GOC:signaling, ISBN:0815316194]",29,0.0967,2.51e-24,1.28e-21
22,"GOBP_COGNITION",414,"The operation of the mind by which an organism becomes aware of objects of thought or perception; it includes the mental activities associated with thinking, learning, and memory. [ISBN:0721619908]",32,0.0773,1.03e-23,5.05e-21
23,"GOBP_NEGATIVE_REGULATION_OF_MULTICELLULAR_ORGANISMAL_PROCESS",1294,"Any process that stops, prevents, or reduces the frequency, rate or extent of an organismal process, the processes pertinent to the function of an organism above the cellular level; includes the integrated processes of tissues and organs. [GOC:ai]",51,0.0394,1.12e-23,5.22e-21
24,"GOBP_CENTRAL_NERVOUS_SYSTEM_DEVELOPMENT",1094,"The process whose specific outcome is the progression of the central nervous system over time, from its formation to the mature structure. The central nervous system is the core nervous system that serves an integrating and coordinating function. In vertebrates it consists of the brain and spinal cord. In those invertebrates with a central nervous system it typically consists of a brain, cerebral ganglia and a nerve cord. [GOC:bf, GOC:jid, ISBN:0582227089]",47,0.043,2.15e-23,9.62e-21
25,"GOBP_CIRCULATORY_SYSTEM_DEVELOPMENT",1322,"The process whose specific outcome is the progression of the circulatory system over time, from its formation to the mature structure. The circulatory system is the organ system that passes nutrients (such as amino acids and electrolytes), gases, hormones, blood cells, etc. to and from cells in the body to help fight diseases and help stabilize body temperature and pH to maintain homeostasis. [GOC:mah, UBERON:0001009]",50,0.0378,1.91e-22,8.22e-20
26,"GOBP_REGULATION_OF_MEMBRANE_POTENTIAL",545,"Any process that modulates the establishment or extent of a membrane potential, the electric potential existing across any membrane arising from charges in the membrane itself and from the charges present in the media on either side of the membrane. [GOC:jl, GOC:mtg_cardio, GOC:tb, ISBN:0198506732]",34,0.0624,3.89e-22,1.61e-19
27,"GOMF_SIGNALING_RECEPTOR_REGULATOR_ACTIVITY",688,"Binds to and modulates the activity of a receptor. [GOC:ceb]",37,0.0538,8.33e-22,3.31e-19
28,"GOBP_CELL_MIGRATION",1689,"The controlled self-propelled movement of a cell from one site to a destination guided by molecular cues. [GOC:cjm, GOC:dph, GOC:ems, GOC:pf, Wikipedia:Cell_migration]",55,0.0326,1.26e-21,4.85e-19
29,"GOBP_RESPONSE_TO_ENDOGENOUS_STIMULUS",1695,"Any process that results in a change in state or activity of a cell or an organism (in terms of movement, secretion, enzyme production, gene expression, etc.) as a result of a stimulus arising within the organism. [GOC:sm]",55,0.0324,1.49e-21,5.52e-19
30,"GOBP_MONOATOMIC_ION_TRANSMEMBRANE_TRANSPORT",1054,"A process in which a monoatomic ion is transported across a membrane. Monatomic ions (also called simple ions) are ions consisting of exactly one atom. [GOC:mah]",44,0.0417,1.88e-21,6.73e-19
31,"GOBP_POSITIVE_REGULATION_OF_SIGNAL_TRANSDUCTION",1770,"Any process that activates or increases the frequency, rate or extent of signal transduction. [GOC:sm]",56,0.0316,1.98e-21,6.85e-19
32,"GOCC_SYNAPTIC_MEMBRANE",599,"A specialized area of membrane on either the presynaptic or the postsynaptic side of a synapse, the junction between a nerve fiber of one neuron and another neuron or muscle fiber or glial cell. [GOC:BHF, PMID:20410104]",34,0.0568,7.66e-21,2.57e-18
33,"GOCC_NEURON_PROJECTION_TERMINUS",240,"The specialized, terminal region of a neuron projection such as an axon or a dendrite. [GOC:jl]",24,0.1,1.12e-20,3.64e-18
34,"GOBP_CELL_MOTILITY",1992,"Any process involved in the controlled self-propelled movement of a cell that results in translocation of the cell from one place to another. [GOC:dgh, GOC:dph, GOC:isa_complete, GOC:mlg]",58,0.0291,1.8e-20,5.7e-18
35,"GOBP_REGULATION_OF_CELL_DIFFERENTIATION",1794,"Any process that modulates the frequency, rate or extent of cell differentiation, the process in which relatively unspecialized cells acquire specialized structural and functional features. [GOC:go_curators]",55,0.0307,1.99e-20,6.1e-18
36,"GOBP_SECRETION",1196,"The controlled release of a substance by a cell or a tissue. [GOC:ai]",45,0.0376,3.67e-20,1.09e-17
37,"GOCC_PLASMA_MEMBRANE_REGION",1562,"A membrane that is a (regional) part of the plasma membrane. [GOC:dos]",51,0.0327,4.03e-20,1.17e-17
38,"GOBP_INTRACELLULAR_SIGNALING_CASSETTE",1976,"An intracellular signaling module that is part of larger signaling pathways that can be initiated either intracellularly or by cell surface receptors. Intracellular signaling cassettes are discrete signaling units that are often shared by multiple signaling pathways. [GOC:ha, GOC:pg]",57,0.0288,6.23e-20,1.75e-17
39,"GOBP_TRANSMEMBRANE_TRANSPORT",1643,"The process in which a solute is transported across a lipid bilayer, from one side of a membrane to the other. [GOC:dph, GOC:jid]",52,0.0316,6.35e-20,1.75e-17
40,"GOBP_EXPORT_FROM_CELL",1109,"The directed movement of some substance from a cell, into the extracellular region. This may occur via transport across the plasma membrane or via exocytosis. [GOC:pg]",43,0.0388,8.87e-20,2.34e-17
41,"GOMF_G_PROTEIN_COUPLED_RECEPTOR_BINDING",327,"Binding to a G protein-coupled receptor. [GOC:ceb, GOC:dph]",26,0.0795,8.92e-20,2.34e-17
42,"GOBP_HEAD_DEVELOPMENT",844,"The biological process whose specific outcome is the progression of a head from an initial condition to its mature state. The head is the anterior-most division of the body. [GOC:dph]",38,0.045,9.94e-20,2.54e-17
43,"GOBP_CIRCULATORY_SYSTEM_PROCESS",612,"An organ system process carried out by any of the organs or tissues of the circulatory system. The circulatory system is an organ system that moves extracellular fluids to and from tissue within a multicellular organism. [GOC:mtg_cardio]",33,0.0539,1.39e-19,3.47e-17
44,"GOBP_POSITIVE_REGULATION_OF_CELL_DIFFERENTIATION",1016,"Any process that activates or increases the frequency, rate or extent of cell differentiation. [GOC:go_curators]",41,0.0404,1.65e-19,4.03e-17
45,"GOBP_REGULATION_OF_MULTICELLULAR_ORGANISMAL_DEVELOPMENT",1622,"Any process that modulates the frequency, rate or extent of multicellular organismal development. [GOC:obol]",51,0.0314,1.99e-19,4.75e-17
46,"GOBP_MONOATOMIC_CATION_TRANSPORT",1117,"The directed movement of a monoatomic cation, into, out of or within a cell, or between cells, by means of some agent such as a transporter or pore. Monatomic cations (also called simple cations) are positively charged ions consisting of exactly one atom. [GOC:ai]",42,0.0376,7.48e-19,1.75e-16
47,"GOBP_REGULATION_OF_SECRETION",797,"Any process that modulates the frequency, rate or extent of the controlled release of a substance from a cell or a tissue. [GOC:ai]",36,0.0452,8.8e-19,2.01e-16
48,"GOBP_NEGATIVE_REGULATION_OF_DEVELOPMENTAL_PROCESS",1133,"Any process that stops, prevents or reduces the rate or extent of development, the biological process whose specific outcome is the progression of an organism over time from an initial condition (e.g. a zygote, or a young adult) to a later condition (e.g. a multicellular animal or an aged adult). [GOC:ai]",42,0.0371,1.25e-18,2.8e-16
49,"GOBP_FEEDING_BEHAVIOR",150,"Behavior associated with the intake of food. [GOC:mah]",19,0.1267,1.39e-18,3.04e-16
50,"GOMF_PEPTIDE_RECEPTOR_ACTIVITY",131,"Combining with an extracellular or intracellular peptide to initiate a change in cell activity. [GOC:jl]",18,0.1374,2.53e-18,5.44e-16
51,"GOCC_POSTSYNAPTIC_MEMBRANE",416,"A specialized area of membrane facing the presynaptic membrane on the tip of the nerve ending and separated from it by a minute cleft (the synaptic cleft). Neurotransmitters cross the synaptic cleft and transmit the signal to the postsynaptic membrane. [ISBN:0198506732]",27,0.0649,3.13e-18,6.6e-16
52,"GOCC_EXTERNAL_ENCAPSULATING_STRUCTURE",504,"A structure that lies outside the plasma membrane and surrounds the entire cell or cells. This does not include the periplasmic space. [GOC:go_curators]",29,0.0575,4.35e-18,8.99e-16
53,"GOBP_METAL_ION_TRANSPORT",948,"The directed movement of metal ions, any metal ion with an electric charge, into, out of or within a cell, or between cells, by means of some agent such as a transporter or pore. [GOC:ai]",38,0.0401,4.8e-18,9.74e-16
54,"GOBP_ANIMAL_ORGAN_MORPHOGENESIS",1186,"Morphogenesis of an animal organ. An organ is defined as a tissue or set of tissues that work together to perform a specific function or functions. Morphogenesis is the process in which anatomical structures are generated and organized. Organs are commonly observed as visibly distinct structures, but may also exist as loosely associated clusters of cells that work together to perform a specific function or functions. [GOC:dgh, GOC:go_curators, ISBN:0471245208, ISBN:0721662544]",42,0.0354,6.41e-18,1.27e-15
55,"GOBP_NEGATIVE_REGULATION_OF_RESPONSE_TO_STIMULUS",1918,"Any process that stops, prevents, or reduces the frequency, rate or extent of a response to a stimulus. Response to stimulus is a change in state or activity of a cell or an organism (in terms of movement, secretion, enzyme production, gene expression, etc.) as a result of a stimulus. [GOC:jid]",53,0.0276,9.37e-18,1.83e-15
56,"GOBP_MUSCLE_SYSTEM_PROCESS",521,"An organ system process carried out at the level of a muscle. Muscle tissue is composed of contractile cells or fibers. [GOC:mtg_cardio]",29,0.0557,1.05e-17,2.02e-15
57,"GOCC_DISTAL_AXON",438,"That part of an axon close to and including the growth cone or the axon terminus. [GOC:aruk, GOC:bc, PMID:17202468]",27,0.0616,1.15e-17,2.16e-15
58,"GOBP_TUBE_DEVELOPMENT",1285,"The process whose specific outcome is the progression of a tube over time, from its initial formation to a mature structure. Epithelial and endothelial tubes transport gases, liquids and cells from one site to another and form the basic structure of many organs and tissues including lung and trachea, kidney, the mammary gland, the vascular system and the gastrointestinal and urinary-genital tracts. [PMID:12526790]",43,0.0335,1.94e-17,3.6e-15
59,"GOBP_MONOATOMIC_CATION_TRANSMEMBRANE_TRANSPORT",881,"The process in which a monoatomic cation is transported across a membrane. Monatomic cations (also called simple cations) are positively charged ions consisting of exactly one atom. [GOC:dos, GOC:vw]",36,0.0409,2.1e-17,3.82e-15
60,"GOBP_REGULATION_OF_BEHAVIOR",124,"Any process that modulates the frequency, rate or extent of behavior, the internally coordinated responses (actions or inactions) of whole living organisms (individuals or groups) to internal or external stimuli. [GOC:go_curators, GOC:pr]",17,0.1371,2.33e-17,4.17e-15
61,"GOBP_LOCOMOTION",1356,"Self-propelled movement of a cell or organism from one location to another. [GOC:dgh]",44,0.0324,2.45e-17,4.32e-15
62,"GOBP_ADENYLATE_CYCLASE_ACTIVATING_G_PROTEIN_COUPLED_RECEPTOR_SIGNALING_PATHWAY",204,"A G protein-coupled receptor signaling pathway in which the signal is transmitted via the activation of adenylyl cyclase activity which results in an increase in the intracellular concentration of cyclic AMP (cAMP). This pathway is negatively regulated by phosphodiesterase, which cleaves cAMP and terminates the signaling. [GOC:dph, GOC:mah, GOC:signaling, GOC:tb, ISBN:0815316194]",20,0.098,2.88e-17,4.99e-15
63,"GOBP_SIGNAL_RELEASE",638,"The process in which a signal is secreted or discharged into the extracellular medium from a cellular source. [GOC:mtg_signal]",31,0.0486,3.45e-17,5.88e-15
64,"GOBP_POSITIVE_REGULATION_OF_INTRACELLULAR_SIGNAL_TRANSDUCTION",1245,"Any process that activates or increases the frequency, rate or extent of intracellular signal transduction. [GOC:BHF, GOC:dph, GOC:signaling, GOC:tb, GOC:TermGenie]",42,0.0337,3.57e-17,5.99e-15
65,"GOBP_SKELETAL_SYSTEM_DEVELOPMENT",594,"The process whose specific outcome is the progression of the skeleton over time, from its formation to the mature structure. The skeleton is the bony framework of the body in vertebrates (endoskeleton) or the hard outer envelope of insects (exoskeleton or dermoskeleton). [GOC:dph, GOC:jid, GOC:tb]",30,0.0505,4.01e-17,6.63e-15
66,"GOBP_REGULATION_OF_BLOOD_PRESSURE",239,"Any process that modulates the force with which blood travels through the circulatory system. The process is controlled by a balance of processes that increase pressure and decrease pressure. [GOC:dph, GOC:mtg_cardio, ISBN:0721643949]",21,0.0879,4.34e-17,7.03e-15
67,"GOCC_CELL_SURFACE",1131,"The external part of the cell wall and/or plasma membrane. [GOC:jl, GOC:mtg_sensu, GOC:sm]",40,0.0354,4.38e-17,7.03e-15
68,"GOBP_NEGATIVE_REGULATION_OF_BLOOD_PRESSURE",70,"Any process in which the force of blood traveling through the circulatory system is decreased. [GOC:go_curators, GOC:mtg_cardio]",14,0.2,6.18e-17,9.76e-15
69,"GOBP_CELL_ADHESION",1536,"The attachment of a cell, either to another cell or to an underlying substrate such as the extracellular matrix, via cell adhesion molecules. [GOC:hb, GOC:pf]",46,0.0299,8.92e-17,1.39e-14
70,"GOBP_NEURON_DEVELOPMENT",1418,"The process whose specific outcome is the progression of a neuron over time, from initial commitment of the cell to a specific fate, to the fully functional differentiated cell. [GOC:dph]",44,0.031,1.25e-16,1.91e-14
71,"GOMF_MOLECULAR_FUNCTION_ACTIVATOR_ACTIVITY",1292,"A molecular function regulator that activates or increases the activity of its target via non-covalent binding that does not result in covalent modification to the target. [GOC:curators]",42,0.0325,1.31e-16,1.98e-14
72,"GOBP_POSITIVE_REGULATION_OF_TRANSPORT",1067,"Any process that activates or increases the frequency, rate or extent of the directed movement of substances (such as macromolecules, small molecules, ions) into, out of or within a cell, or between cells, by means of some agent such as a transporter or pore. [GOC:ai]",38,0.0356,2.27e-16,3.38e-14
73,"GOMF_MONOATOMIC_ION_TRANSMEMBRANE_TRANSPORTER_ACTIVITY",739,"Enables the transfer of an ion from one side of a membrane to the other. [GOC:dgf, GOC:mtg_transport, ISBN:0815340729]",32,0.0433,2.75e-16,4.05e-14
74,"GOBP_AMINO_ACID_TRANSPORT",199,"The directed movement of amino acids, organic acids containing one or more amino substituents, into, out of or within a cell, or between cells, by means of some agent such as a transporter or pore. [GOC:ai]",19,0.0955,2.98e-16,4.32e-14
75,"GOBP_POSITIVE_REGULATION_OF_CELL_POPULATION_PROLIFERATION",1082,"Any process that activates or increases the rate or extent of cell proliferation. [GOC:go_curators]",38,0.0351,3.55e-16,5.09e-14
76,"GOBP_REGULATION_OF_TUBE_SIZE",204,"Ensuring that a tube is of the correct length and diameter. Tube size must be maintained not only during tube formation, but also throughout development and in some physiological processes. [PMID:10887083]",19,0.0931,4.73e-16,6.68e-14
77,"GOMF_HORMONE_ACTIVITY",148,"The action characteristic of a hormone, any substance formed in very small amounts in one specialized organ or group of cells and carried (sometimes in the bloodstream) to another organ or group of cells in the same organism, upon which it has a specific regulatory action. The term was originally applied to agents with a stimulatory physiological action in vertebrate animals (as opposed to a chalone, which has a depressant action). Usage is now extended to regulatory compounds in lower animals and plants, and to synthetic substances having comparable effects; all bind receptors and trigger some biological process. [GOC:dph, GOC:mah, ISBN:0198506732]",17,0.1149,4.92e-16,6.87e-14
78,"GOBP_REGULATION_OF_LOCOMOTION",1159,"Any process that modulates the frequency, rate or extent of locomotion of a cell or organism. [GOC:ems]",39,0.0336,5.71e-16,7.86e-14
79,"GOCC_SECRETORY_VESICLE",817,"A cytoplasmic, membrane bound vesicle that is capable of fusing to the plasma membrane to release its contents into the extracellular space. [GOC:dos]",33,0.0404,6.84e-16,9.3e-14
80,"GOCC_POSTSYNAPSE",1113,"The part of a synapse that is part of the post-synaptic cell. [GOC:dos]",38,0.0341,8.76e-16,1.18e-13
81,"GOBP_REGULATION_OF_MONOATOMIC_ION_TRANSPORT",524,"Any process that modulates the frequency, rate or extent of the directed movement of charged atoms or small charged molecules into, out of or within a cell, or between cells, by means of some agent such as a transporter or pore. [GOC:jl]",27,0.0515,9.78e-16,1.3e-13
82,"GOBP_ANATOMICAL_STRUCTURE_FORMATION_INVOLVED_IN_MORPHOGENESIS",1378,"The developmental process pertaining to the initial formation of an anatomical structure from unspecified parts. This process begins with the specific processes that contribute to the appearance of the discrete structure and ends when the structural rudiment is recognizable. An anatomical structure is any biological entity that occupies space and is distinguished from its surroundings. Anatomical structures can be macroscopic such as a carpel, or microscopic such as an acrosome. [GOC:dph, GOC:jid, GOC:tb]",42,0.0305,1.21e-15,1.59e-13
83,"GOBP_MULTICELLULAR_ORGANISMAL_RESPONSE_TO_STRESS",132,"Any process that results in a change in state or activity of a multicellular organism (in terms of movement, secretion, enzyme production, gene expression, etc.) as a result of a stimulus indicating the organism is under stress. The stress is usually, but not necessarily, exogenous (e.g. temperature, humidity, ionizing radiation). [GOC:mah]",16,0.1212,1.52e-15,1.97e-13
84,"GOBP_AMINE_TRANSPORT",133,"The directed movement of amines, including polyamines, organic compounds containing one or more amino groups, into, out of or within a cell, or between cells, by means of some agent such as a transporter or pore. [GOC:ai, ISBN:0198506732]",16,0.1203,1.72e-15,2.2e-13
85,"GOBP_RESPONSE_TO_NITROGEN_COMPOUND",1274,"Any process that results in a change in state or activity of a cell or an organism (in terms of movement, secretion, enzyme production, gene expression, etc.) as a result of a nitrogen compound stimulus. [GOC:pr, GOC:TermGenie]",40,0.0314,2.33e-15,2.93e-13
86,"GOBP_RESPONSE_TO_ABIOTIC_STIMULUS",1339,"Any process that results in a change in state or activity of a cell or an organism (in terms of movement, secretion, enzyme production, gene expression, etc.) as a result of an abiotic (not derived from living organisms) stimulus. [GOC:hb]",41,0.0306,2.34e-15,2.93e-13
87,"GOBP_HEART_DEVELOPMENT",717,"The process whose specific outcome is the progression of the heart over time, from its formation to the mature structure. The heart is a hollow, muscular organ, which, by contracting rhythmically, keeps up the circulation of the blood. [GOC:jid, UBERON:0000948]",30,0.0418,6.06e-15,7.48e-13
88,"GOBP_NEGATIVE_REGULATION_OF_CELL_COMMUNICATION",1652,"Any process that decreases the frequency, rate or extent of cell communication. Cell communication is the process that mediates interactions between a cell and its surroundings. Encompasses interactions such as signaling or attachment between one cell and another cell, between a cell and an extracellular matrix, or between a cell and any other aspect of its environment. [GOC:dph, GOC:tb]",45,0.0272,6.14e-15,7.5e-13
89,"GOBP_VASCULAR_PROCESS_IN_CIRCULATORY_SYSTEM",270,"A circulatory process that occurs at the level of the vasculature. [GOC:mtg_cardio]",20,0.0741,6.6e-15,7.97e-13
90,"GOBP_MUSCLE_CONTRACTION",387,"A process in which force is generated within muscle tissue, resulting in a change in muscle geometry. Force generation involves a chemo-mechanical energy conversion step that is carried out by the actin/myosin complex activity, which generates force through ATP hydrolysis. [GOC:ef, GOC:mtg_muscle, ISBN:0198506732]",23,0.0594,6.89e-15,8.23e-13
91,"GOCC_PRESYNAPTIC_MEMBRANE",276,"A specialized area of membrane of the axon terminal that faces the plasma membrane of the neuron or muscle fiber with which the axon terminal establishes a synaptic junction; many synaptic junctions exhibit structural presynaptic characteristics, such as conical, electron-dense internal protrusions, that distinguish it from the remainder of the axon plasma membrane. [GOC:jl, ISBN:0815316194]",20,0.0725,1e-14,1.19e-12
92,"GOBP_EPITHELIAL_CELL_PROLIFERATION",485,"The multiplication or reproduction of epithelial cells, resulting in the expansion of a cell population. Epithelial cells make up the epithelium, the covering of internal and external surfaces of the body, including the lining of vessels and other small cavities. It consists of cells joined by small amounts of cementing substances. [ISBN:0721662544]",25,0.0515,1.16e-14,1.36e-12
93,"GOBP_ENZYME_LINKED_RECEPTOR_PROTEIN_SIGNALING_PATHWAY",1083,"The series of molecular signals initiated by an extracellular ligand binding to a receptor on the surface of the target cell, where the receptor possesses catalytic activity or is closely associated with an enzyme such as a protein kinase, and ending with the regulation of a downstream cellular process, e.g. transcription. [GOC:mah, GOC:signaling, ISBN:0815316194]",36,0.0332,1.18e-14,1.37e-12
94,"GOBP_RHYTHMIC_PROCESS",357,"Any process pertinent to the generation and maintenance of rhythms in the physiology of an organism. [GOC:jid]",22,0.0616,1.29e-14,1.48e-12
95,"GOCC_GABA_ERGIC_SYNAPSE",180,"A synapse that uses GABA as a neurotransmitter. These synapses are typically inhibitory. [GOC:dos]",17,0.0944,1.34e-14,1.52e-12
96,"GOCC_MONOATOMIC_ION_CHANNEL_COMPLEX",358,"A protein complex that spans a membrane and forms a water-filled channel across the phospholipid bilayer allowing selective monoatomic ion transport down its electrochemical gradient. [GOC:mah, ISBN:071673706X]",22,0.0615,1.37e-14,1.53e-12
97,"GOBP_REGULATION_OF_ANATOMICAL_STRUCTURE_SIZE",596,"Any process that modulates the size of an anatomical structure. [GOC:dph, GOC:tb]",27,0.0453,2.2e-14,2.43e-12
98,"GOMF_CIS_REGULATORY_REGION_SEQUENCE_SPECIFIC_DNA_BINDING",1106,"Binding to a specific upstream regulatory DNA sequence (transcription factor recognition sequence or binding site, located in cis relative to the transcription start site (i.e., on the same strand of DNA) of a gene transcribed by some RNA polymerase. Cis-regulatory sites are often referred to as a sequence motifs, enhancers, or silencers. [GOC:txnOH-2018]",36,0.0325,2.22e-14,2.43e-12
99,"GOBP_REGULATION_OF_POSTSYNAPTIC_MEMBRANE_POTENTIAL",187,"Any process that modulates the potential difference across a post-synaptic membrane. [GOC:dph, GOC:ef]",17,0.0909,2.53e-14,2.74e-12
100,"GOBP_DEVELOPMENTAL_GROWTH",872,"The increase in size or mass of an entire organism, a part of an organism or a cell, where the increase in size or mass has the specific outcome of the progression of the organism over time from one condition to another. [GOC:go_curators]",32,0.0367,2.69e-14,2.89e-12
