"gene","p0g","geosvg_pred","scbsp_pvalue","scbsp_pred","raw_zero_prop","category"
"ABCC9",0,1,0.797210585465799,0,0.996309161962657,"GeoSVG-3D only"
"ADAMTS15",0,1,0.698689309355295,0,0.992401215805471,"GeoSVG-3D only"
"ADCY1",0,1,0.509852708567111,0,0.983282674772036,"GeoSVG-3D only"
"ADCYAP1R1",0,1,0.000993940845895436,1,0.684107685627443,"Both"
"ADORA1",0,1,0.0410402552857829,1,0.917607468519323,"Both"
"ADORA2B",0,1,0.835490257927631,0,0.995332175423361,"GeoSVG-3D only"
"ADORA3",0,1,0.877759556084306,0,0.996526270082501,"GeoSVG-3D only"
"ADRA1B",0,1,0.733221527829778,0,0.992509769865393,"GeoSVG-3D only"
"ADRB1",0,1,0.333997211880076,0,0.982957012592271,"GeoSVG-3D only"
"ADRB3",0,1,0.51282742638932,0,0.997937472861485,"GeoSVG-3D only"
"AGRP",0,1,0.661438910949406,0,0.992075553625706,"GeoSVG-3D only"
"ALCAM",0,1,0.00772066937095428,1,0.817520625271385,"Both"
"ANPEP",0,1,0.871570557510017,0,0.996309161962657,"GeoSVG-3D only"
"ANXA11",0,1,0.212176549667132,0,0.972210160660009,"GeoSVG-3D only"
"ARG1",0,1,0.948545333864258,0,0.997394702561876,"GeoSVG-3D only"
"ARHGAP36",0,1,0.0583859723430435,0,0.942249240121581,"GeoSVG-3D only"
"ARSJ",0,1,0.674574890659896,0,0.994789405123752,"GeoSVG-3D only"
"ASS1",0,1,0.0056639021064101,1,0.807316543638732,"Both"
"AVP",0,1,0.616305368592702,0,0.995549283543204,"GeoSVG-3D only"
"B3GAT2",0,1,0.1715932790269,0,0.962765957446808,"GeoSVG-3D only"
"BAIAP2L1",0,1,0.880993781745501,0,0.996309161962657,"GeoSVG-3D only"
"BDKRB2",0,1,0.760784863377068,0,0.995006513243595,"GeoSVG-3D only"
"BMP3",0,1,0.620326901878847,0,0.994572297003908,"GeoSVG-3D only"
"C1QL2",0,1,0.801570003173041,0,0.993703864524533,"GeoSVG-3D only"
"C1QTNF7",0,1,0.72846155793937,0,0.99706904038211,"GeoSVG-3D only"
"CACNA2D2",0,1,0.00342109294277071,1,0.764112027789839,"Both"
"CACNG4",0,1,0.0421325707348063,1,0.902627008250109,"Both"
"CALB2",0,1,0.00524001095024562,1,0.841185410334346,"Both"
"CALCR",0,1,0.00238434413433986,1,0.895570994355189,"Both"
"CAMK2D",0,1,0.00129119223192198,1,0.719279201042119,"Both"
"CAR4",0,1,0.102186633453097,0,0.973078593139383,"GeoSVG-3D only"
"CAR8",0,1,0.424986128871974,0,0.973295701259227,"GeoSVG-3D only"
"CBLN2",0,1,0.00644359099417335,1,0.869843682153713,"Both"
"CBLN4",0,1,0.0252458121814114,1,0.903603994789405,"Both"
"CBS",0,1,0.212741816471518,0,0.957121146330873,"GeoSVG-3D only"
"CCK",0,1,0.0468768669245178,1,0.958858011289622,"Both"
"CCKBR",0,1,0.720643802478203,0,0.992726877985237,"GeoSVG-3D only"
"CCND2",0,1,0.0561461276782499,0,0.950933564915328,"GeoSVG-3D only"
"CCSAP",0,1,0.203172297844081,0,0.964719930525402,"GeoSVG-3D only"
"CD93",0,1,0.850928903911797,0,0.996309161962657,"GeoSVG-3D only"
"CDC20",0,1,0.799305007815848,0,0.996960486322188,"GeoSVG-3D only"
"CDH7",0,1,0.0930983420502082,0,0.947242726877985,"GeoSVG-3D only"
"CDK1",0,1,0.919354148866406,0,0.997828918801563,"GeoSVG-3D only"
"CFAP58",0,1,0.873050388152094,0,0.996417716022579,"GeoSVG-3D only"
"CFH",0,1,0.948971986018655,0,0.997611810681719,"GeoSVG-3D only"
"CHRM1",0,1,0.074066468826894,0,0.963091619626574,"GeoSVG-3D only"
"CHRM4",0,1,0.151491403306791,0,0.971884498480243,"GeoSVG-3D only"
"CHRM5",0,1,0.26239096830293,0,0.964719930525402,"GeoSVG-3D only"
"CLDN19",0,1,0.79304405598858,0,0.993812418584455,"GeoSVG-3D only"
"CLU",0,1,1.31836369121618e-06,1,0.176183239253148,"Both"
"CNN1",0,1,0.915876130675713,0,0.997611810681719,"GeoSVG-3D only"
"CNR2",0,1,0.988658574449743,0,0.999023013460703,"GeoSVG-3D only"
"COCH",0,1,0.185067902003179,0,0.977637863656101,"GeoSVG-3D only"
"COL12A1",0,1,0.924973557750268,0,0.99706904038211,"GeoSVG-3D only"
"COL19A1",0,1,0.810206931483536,0,0.993812418584455,"GeoSVG-3D only"
"COL20A1",0,1,0.699521324800832,0,0.991641337386018,"GeoSVG-3D only"
"COL24A1",0,1,0.860627408891965,0,0.998914459400782,"GeoSVG-3D only"
"COL3A1",0,1,0.647104694945243,0,0.987733391228832,"GeoSVG-3D only"
"COL5A1",0,1,0.891583254838881,0,0.997503256621798,"GeoSVG-3D only"
"CORO6",0,1,0.754407077372807,0,0.995549283543204,"GeoSVG-3D only"
"CORT",0,1,0.929830996579553,0,0.996743378202345,"GeoSVG-3D only"
"CPA6",0,1,0.834761645951648,0,0.997177594442032,"GeoSVG-3D only"
"CPB1",0,1,0.87630084544518,0,0.996960486322188,"GeoSVG-3D only"
"CPLX3",0,1,0.431693198968351,0,0.990121580547112,"GeoSVG-3D only"
"CPNE5",0,1,0.183668074448718,0,0.94811115935736,"GeoSVG-3D only"
"CRCT1",0,1,0.899760868846166,0,0.996526270082501,"GeoSVG-3D only"
"CRH",0,1,0.516697533656113,0,0.987516283108988,"GeoSVG-3D only"
"CSRP2",0,1,0.150958383503171,0,0.962765957446808,"GeoSVG-3D only"
"CUX2",0,1,0.225264859199932,0,0.963308727746418,"GeoSVG-3D only"
"DAPL1",0,1,0.819928246880535,0,0.995657837603126,"GeoSVG-3D only"
"DCN",0,1,0.337200216406961,0,0.973295701259227,"GeoSVG-3D only"
"DDIT4L",0,1,0.586483924675844,0,0.991966999565784,"GeoSVG-3D only"
"DGKK",0,1,0.0149492650613682,1,0.895679548415111,"Both"
"DKK3",0,1,0.000661332590295327,1,0.764003473729918,"Both"
"DLX2",0,1,0.692247633610836,0,0.991966999565784,"GeoSVG-3D only"
"EBF3",0,1,0.00215226309268934,1,0.877442466348241,"Both"
"ELFN1",0,1,0.0932241255557358,0,0.944963091619627,"GeoSVG-3D only"
"EMID1",0,1,0.490158064336384,0,0.988710377768129,"GeoSVG-3D only"
"EMX2",0,1,0.254970202713964,0,0.989470256187581,"GeoSVG-3D only"
"EN1",0,1,0.928199330776524,0,0.996960486322188,"GeoSVG-3D only"
"EPHA7",0,1,0.0260806981720726,1,0.922275293095962,"Both"
"ETV1",0,1,0.177923051976121,0,0.955927051671733,"GeoSVG-3D only"
"FAM169B",0,1,0.694680804463678,0,0.992184107685627,"GeoSVG-3D only"
"FAM183B",0,1,0.25528784150532,0,0.967867998263135,"GeoSVG-3D only"
"FAM92B",0,1,0.708915552842211,0,0.994246634824142,"GeoSVG-3D only"
"FAT2",0,1,0.785251741969967,0,0.995766391663048,"GeoSVG-3D only"
"FERMT1",0,1,0.881631310963248,0,0.996092053842814,"GeoSVG-3D only"
"FEZF1",0,1,0.373853140680782,0,0.981328701693443,"GeoSVG-3D only"
"FEZF2",0,1,0.214645340774355,0,0.98643074250977,"GeoSVG-3D only"
"GABRA5",0,1,0.0568432127833173,0,0.95223621363439,"GeoSVG-3D only"
"GABRQ",0,1,0.181392555181591,0,0.956795484151107,"GeoSVG-3D only"
"GCHFR",0,1,0.616355593602808,0,0.992726877985237,"GeoSVG-3D only"
"GFRA1",0,1,0.0207743146362996,1,0.879830655666522,"Both"
"GHRHR",0,1,0.971329340720819,0,0.998588797221016,"GeoSVG-3D only"
"GLRA3",0,1,0.169942289051468,0,0.954407294832827,"GeoSVG-3D only"
"GPSM3",0,1,0.251970037738602,0,0.991098567086409,"GeoSVG-3D only"
"GPX3",0,1,0.0918848098666616,0,0.931068171949631,"GeoSVG-3D only"
"GRM3",0,1,0.0624918403861846,0,0.940946591402518,"GeoSVG-3D only"
"HAP1",0,1,1.7783967721674e-05,1,0.270842379504994,"Both"
"HAPLN1",0,1,0.423636776371554,0,0.97698653929657,"GeoSVG-3D only"
"HCRTR2",0,1,0.747084462928667,0,0.994572297003908,"GeoSVG-3D only"
"HDC",0,1,0.332289643343581,0,0.980460269214069,"GeoSVG-3D only"
"HOXA5",0,1,0.723503506809661,0,0.994246634824142,"GeoSVG-3D only"
"HOXA9",0,1,0.717214080856347,0,0.996851932262267,"GeoSVG-3D only"
"HOXB5",0,1,0.679992293906708,0,0.992618323925315,"GeoSVG-3D only"
"HOXB7",0,1,0.986092955022395,0,0.999348675640469,"GeoSVG-3D only"
"HPCAL1",0,1,0.00611619998073887,1,0.753582283977421,"Both"
"HS3ST2",0,1,0.211493505560428,0,0.969387755102041,"GeoSVG-3D only"
"HS3ST4",0,1,0.161434698668647,0,0.964937038645245,"GeoSVG-3D only"
"HTR2B",0,1,0.929426754149379,0,0.997394702561876,"GeoSVG-3D only"
"HTR2C",0,1,0.044300978333199,1,0.924880590534086,"Both"
"IGFBP2",0,1,0.0587988637305762,0,0.94518019973947,"GeoSVG-3D only"
"IGFBP4",0,1,0.037574775660719,1,0.953647416413374,"Both"
"IGFBP6",0,1,0.239919978143581,0,0.98469387755102,"GeoSVG-3D only"
"IGSF8",0,1,0.000171097227146588,1,0.490230134607034,"Both"
"IL1R1",0,1,0.358181232387975,0,0.96993052540165,"GeoSVG-3D only"
"INHBA",0,1,0.41898974551955,0,0.989253148067738,"GeoSVG-3D only"
"INMT",0,1,0.634474337227078,0,0.993595310464611,"GeoSVG-3D only"
"INSRR",0,1,0.948483495594179,0,0.997394702561876,"GeoSVG-3D only"
"IRX4",0,1,0.695418616226895,0,0.994572297003908,"GeoSVG-3D only"
"ITIH3",0,1,0.000161467865697373,1,0.685410334346505,"Both"
"JUNB",0,1,0.457595972000024,0,0.981871471993053,"GeoSVG-3D only"
"KCNAB3",0,1,0.155139165800813,0,0.960160660008684,"GeoSVG-3D only"
"KCNC3",0,1,0.21966612188733,0,0.970147633521494,"GeoSVG-3D only"
"KCNG1",0,1,0.216893943939241,0,0.983825445071646,"GeoSVG-3D only"
"KCNH8",0,1,0.778379942662787,0,0.994246634824142,"GeoSVG-3D only"
"KCNMB2",0,1,0.805038799485846,0,0.992618323925315,"GeoSVG-3D only"
"KCNS1",0,1,0.613595487753744,0,0.993812418584455,"GeoSVG-3D only"
"KISS1R",0,1,0.850807154075034,0,0.99587494572297,"GeoSVG-3D only"
"KIT",0,1,0.575089175954999,0,0.990990013026487,"GeoSVG-3D only"
"KITL",0,1,0.756043026968994,0,0.994572297003908,"GeoSVG-3D only"
"KLHL1",0,1,0.00732334210131969,1,0.860725141120278,"Both"
"KRT12",0,1,0.454047222758944,0,0.985670864090317,"GeoSVG-3D only"
"KRT15",0,1,0.959194289428783,0,0.997177594442032,"GeoSVG-3D only"
"KRT27",0,1,0.662375337442451,0,0.989036039947894,"GeoSVG-3D only"
"LAMP5",0,1,0.0768306058311757,0,0.968844984802432,"GeoSVG-3D only"
"LANCL3",0,1,0.828537205016658,0,0.99706904038211,"GeoSVG-3D only"
"LCN2",0,1,0.962148431787435,0,0.998914459400782,"GeoSVG-3D only"
"LEFTY1",0,1,0.934780874412703,0,0.997720364741641,"GeoSVG-3D only"
"LHX8",0,1,0.930799569599901,0,0.99880590534086,"GeoSVG-3D only"
"LMO1",0,1,0.0527039553340827,0,0.938341293964394,"GeoSVG-3D only"
"LPAR3",0,1,0.834401999496502,0,0.997720364741641,"GeoSVG-3D only"
"LPL",0,1,0.120064735273712,0,0.980894485453756,"GeoSVG-3D only"
"LSAMP",0,1,6.77889090084927e-05,1,0.508033000434216,"Both"
"LTK",0,1,0.128361055456329,0,0.95462440295267,"GeoSVG-3D only"
"LY6A",0,1,0.974062232373752,0,0.997720364741641,"GeoSVG-3D only"
"LY6G6E",0,1,0.67853160550003,0,0.996960486322188,"GeoSVG-3D only"
"LYPD6B",0,1,0.236296460079232,0,0.970690403821103,"GeoSVG-3D only"
"MAOB",0,1,0.0910794848205633,0,0.95223621363439,"GeoSVG-3D only"
"MAP3K7CL",0,1,0.928578594890344,0,0.996851932262267,"GeoSVG-3D only"
"MDGA1",0,1,0.00382928108186165,1,0.849109856708641,"Both"
"MFGE8",0,1,0.0171824783031915,1,0.893617021276596,"Both"
"MGP",0,1,0.426669784968475,0,0.98349978289188,"GeoSVG-3D only"
"MLC1",0,1,0.0129940990987225,1,0.825987841945289,"Both"
"MMP2",0,1,0.620044698892955,0,0.995223621363439,"GeoSVG-3D only"
"MPZ",0,1,0.938037057885836,0,0.997611810681719,"GeoSVG-3D only"
"MRAP2",0,1,0.0357738868288936,1,0.919887103777681,"Both"
"MRC1",0,1,0.665120422385472,0,0.990447242726878,"GeoSVG-3D only"
"MRGPRD",0,1,0.918937057032535,0,0.998154580981329,"GeoSVG-3D only"
"MS4A15",0,1,0.969329142903584,0,0.997937472861485,"GeoSVG-3D only"
"MTNR1A",0,1,0.919588588123885,0,0.996309161962657,"GeoSVG-3D only"
"MUSTN1",0,1,0.581531041706621,0,0.994463742943986,"GeoSVG-3D only"
"NEUROD2",0,1,0.355986984043796,0,0.981220147633522,"GeoSVG-3D only"
"NEUROD6",0,1,0.0131419518107921,1,0.956469821971342,"Both"
"NMS",0,1,0.835629914999455,0,0.995332175423361,"GeoSVG-3D only"
"NOTUM",0,1,0.491301168930798,0,0.978831958315241,"GeoSVG-3D only"
"NOV",0,1,0.250358992251641,0,0.969604863221885,"GeoSVG-3D only"
"NPBWR1",0,1,0.878366307670934,0,0.996960486322188,"GeoSVG-3D only"
"NPTX1",0,1,0.000359327666780596,1,0.716022579244464,"Both"
"NPY",0,1,0.259797333894535,0,0.983933999131568,"GeoSVG-3D only"
"NPY1R",0,1,0.927847554205304,0,0.997611810681719,"GeoSVG-3D only"
"NPY4R",0,1,0.670685242004612,0,0.991424229266175,"GeoSVG-3D only"
"NR4A3",0,1,0.54862721415452,0,0.989144594007816,"GeoSVG-3D only"
"NRGN",0,1,4.99708815393518e-06,1,0.695614415979158,"Both"
"NTSR1",0,1,0.24058860614125,0,0.966565349544073,"GeoSVG-3D only"
"NTSR2",0,1,0.00823900846736036,1,0.847590099869735,"Both"
"NXPH1",0,1,0.0575404809008609,0,0.926726009552757,"GeoSVG-3D only"
"NYAP2",0,1,0.0179404394460803,1,0.858119843682154,"Both"
"OPRD1",0,1,0.706060340454423,0,0.994029526704299,"GeoSVG-3D only"
"OSCP1",0,1,0.0247475486750799,1,0.860616587060356,"Both"
"OXT",0,1,0.769596155977565,0,0.991315675206253,"GeoSVG-3D only"
"PAK4",0,1,0.208468695299323,0,0.96993052540165,"GeoSVG-3D only"
"PARP14",0,1,0.472632879840508,0,0.98936170212766,"GeoSVG-3D only"
"PDE1A",0,1,0.0798131800022717,0,0.931068171949631,"GeoSVG-3D only"
"PDGFRA",0,1,0.30818096112997,0,0.964177160225792,"GeoSVG-3D only"
"PDLIM1",0,1,0.700296201533726,0,0.993920972644377,"GeoSVG-3D only"
"PDZK1IP1",0,1,0.702018639424932,0,0.993812418584455,"GeoSVG-3D only"
"PF4",0,1,0.93691545515635,0,0.997286148501954,"GeoSVG-3D only"
"PGR15L",0,1,0.128383777123449,0,0.96873643074251,"GeoSVG-3D only"
"PIK3R3",0,1,0.098443987472928,0,0.937689969604863,"GeoSVG-3D only"
"PLCXD2",0,1,0.0207543248643239,1,0.851389491967,"Both"
"PMCH",0,1,0.000294230436373111,1,0.897307859313938,"Both"
"PNMT",0,1,0.675317349531946,0,0.99587494572297,"GeoSVG-3D only"
"POMC",0,1,0.032070489459322,1,0.986864958749457,"Both"
"POU4F2",0,1,0.957354389904343,0,0.997720364741641,"GeoSVG-3D only"
"PPP1R3G",0,1,0.555914768750212,0,0.985453755970473,"GeoSVG-3D only"
"PRC1",0,1,0.955080139093944,0,0.996851932262267,"GeoSVG-3D only"
"PRKCG",0,1,0.219051525795017,0,0.968953538862353,"GeoSVG-3D only"
"PROCR",0,1,0.744514891399952,0,0.994029526704299,"GeoSVG-3D only"
"PRX",0,1,0.618882149183862,0,0.990990013026487,"GeoSVG-3D only"
"PTPRZ1",0,1,0.204190381009854,0,0.959509335649153,"GeoSVG-3D only"
"PVALB",0,1,0.0174376700110627,1,0.925531914893617,"Both"
"PYY",0,1,0.915581081909952,0,0.997828918801563,"GeoSVG-3D only"
"RARRES1",0,1,0.593866815180508,0,0.995332175423361,"GeoSVG-3D only"
"RASL10A",0,1,0.443245790381073,0,0.988276161528441,"GeoSVG-3D only"
"RBP4",0,1,0.648858456015735,0,0.99294398610508,"GeoSVG-3D only"
"RELN",0,1,0.104689429948466,0,0.96168041684759,"GeoSVG-3D only"
"RGS14",0,1,0.833039199277244,0,0.994572297003908,"GeoSVG-3D only"
"RGS4",0,1,0.00459154295849196,1,0.788862353452019,"Both"
"RGS9",0,1,0.016362427707808,1,0.871146330872775,"Both"
"RPS24",0,1,2.52382116064931e-05,1,0.368323925314807,"Both"
"RSPO3",0,1,0.574882423337976,0,0.993161094224924,"GeoSVG-3D only"
"RXFP1",0,1,0.521153559485427,0,0.991315675206253,"GeoSVG-3D only"
"RXRG",0,1,0.0643407934089152,0,0.939426834563613,"GeoSVG-3D only"
"SAPCD2",0,1,0.225371590175154,0,0.968302214502822,"GeoSVG-3D only"
"SATB1",0,1,0.00239373671798537,1,0.843030829353018,"Both"
"SATB2",0,1,0.150850653131494,0,0.98881893182805,"GeoSVG-3D only"
"SCN4B",0,1,0.155878026643869,0,0.965262700825011,"GeoSVG-3D only"
"SCTR",0,1,0.934803745981118,0,0.996417716022579,"GeoSVG-3D only"
"SEMA4D",0,1,0.0485051113025361,1,0.893725575336518,"Both"
"SEMA5A",0,1,0.0122182620634514,1,0.868323925314807,"Both"
"SEZ6",0,1,0.00107633835398857,1,0.71168041684759,"Both"
"SLA",0,1,0.420075325435583,0,0.986213634389926,"GeoSVG-3D only"
"SLA2",0,1,0.844654893638702,0,0.996417716022579,"GeoSVG-3D only"
"SLC17A7",0,1,0.187414420927332,0,0.976443768996961,"GeoSVG-3D only"
"SLC17A8",0,1,0.528745645550178,0,0.992292661745549,"GeoSVG-3D only"
"SLC18A3",0,1,0.727158495117201,0,0.993269648284846,"GeoSVG-3D only"
"SLC30A3",0,1,0.0548260686037866,0,0.957121146330873,"GeoSVG-3D only"
"SLC47A1",0,1,0.877169627200369,0,0.996960486322188,"GeoSVG-3D only"
"SLC6A11",0,1,2.18329736423328e-06,1,0.390468953538862,"Both"
"SLC6A13",0,1,0.8345184911109,0,0.99587494572297,"GeoSVG-3D only"
"SLC6A2",0,1,0.902838948573683,0,0.997503256621798,"GeoSVG-3D only"
"SLC6A3",0,1,0.979723192713089,0,0.998480243161094,"GeoSVG-3D only"
"SLN",0,1,0.820776278958075,0,0.99587494572297,"GeoSVG-3D only"
"SMIM17",0,1,0.025929136773571,1,0.895788102475033,"Both"
"SMOC1",0,1,0.110877801805124,0,0.944420321320017,"GeoSVG-3D only"
"SNCG",0,1,0.000292304843911739,1,0.834129396439427,"Both"
"SOX11",0,1,0.613106030909597,0,0.994029526704299,"GeoSVG-3D only"
"SOX14",0,1,0.810379544641073,0,0.996526270082501,"GeoSVG-3D only"
"SPARC",0,1,2.16861760438114e-07,1,0.256621797655232,"Both"
"SPINK8",0,1,0.84245165698338,0,0.995549283543204,"GeoSVG-3D only"
"ST18",0,1,0.047908749650124,1,0.928462874511507,"Both"
"STAC2",0,1,0.389283738201072,0,0.982957012592271,"GeoSVG-3D only"
"STARD8",0,1,0.449394121551851,0,0.992835432045158,"GeoSVG-3D only"
"STK32B",0,1,0.206144974258137,0,0.961354754667825,"GeoSVG-3D only"
"SULF1",0,1,0.0174507037823607,1,0.902952670429874,"Both"
"SULF2",0,1,0.0526687631605943,0,0.917716022579244,"GeoSVG-3D only"
"SUMO2",0,1,0.000329336612069242,1,0.592379504993487,"Both"
"TBR1",0,1,0.236303788384002,0,0.969821971341728,"GeoSVG-3D only"
"TCERG1L",0,1,0.28889883081748,0,0.967759444203213,"GeoSVG-3D only"
"TCF4",0,1,0.011490280204947,1,0.83076422058185,"Both"
"TEDDM3",0,1,0.805455603078409,0,0.995766391663048,"GeoSVG-3D only"
"TIMP4",0,1,0.178835671376458,0,0.948002605297438,"GeoSVG-3D only"
"TLX3",0,1,0.759872461071318,0,0.993703864524533,"GeoSVG-3D only"
"TMEM119",0,1,0.885616655683848,0,0.99468085106383,"GeoSVG-3D only"
"TMEM132C",0,1,0.27987250878826,0,0.967650890143291,"GeoSVG-3D only"
"TMEM163",0,1,0.00970374499697824,1,0.881676074685193,"Both"
"TMEM233",0,1,0.876322203053548,0,0.99706904038211,"GeoSVG-3D only"
"TMEM255B",0,1,0.81390662108749,0,0.994897959183674,"GeoSVG-3D only"
"TMEM72",0,1,0.765831333777741,0,0.993052540165002,"GeoSVG-3D only"
"TNNT1",0,1,0.493258277815484,0,0.995983499782892,"GeoSVG-3D only"
"TPH2",0,1,0.743702598691313,0,0.994138080764221,"GeoSVG-3D only"
"TUBGCP2",0,1,0.412754446512308,0,0.979049066435085,"GeoSVG-3D only"
"TYRP1",0,1,0.850479766371445,0,0.996200607902736,"GeoSVG-3D only"
"UBE2C",0,1,0.898993187159076,0,0.996200607902736,"GeoSVG-3D only"
"UCN",0,1,0.925002254665367,0,0.997828918801563,"GeoSVG-3D only"
"UGT8A",0,1,0.129631801738201,0,0.94691706469822,"GeoSVG-3D only"
"VCAN",0,1,0.309404926543875,0,0.974706904038211,"GeoSVG-3D only"
"VGLL3",0,1,0.583530309746675,0,0.991858445505862,"GeoSVG-3D only"
"VIP",0,1,0.374579649685717,0,0.989036039947894,"GeoSVG-3D only"
"VWF",0,1,0.811126117188737,0,0.996634824142423,"GeoSVG-3D only"
"WIF1",0,1,0.698669638762436,0,0.992726877985237,"GeoSVG-3D only"
"WNT2",0,1,0.911586563370614,0,0.995983499782892,"GeoSVG-3D only"
"ZFHX4",0,1,0.0144315059615213,1,0.877551020408163,"Both"
"DLX1",5e-04,1,0.818426435350721,0,0.99706904038211,"GeoSVG-3D only"
"PROK2",5e-04,1,0.910533408062281,0,0.996417716022579,"GeoSVG-3D only"
"ECEL1",0.0015,1,0.0315097762137397,1,0.927811550151976,"Both"
"RORB",0.0015,1,0.0168713084236749,1,0.912396873643074,"Both"
"ZBTB20",0.0015,1,0.0644356845000779,0,0.927702996092054,"GeoSVG-3D only"
"KCNMB1",0.002,1,0.941703809837038,0,0.997177594442032,"GeoSVG-3D only"
"RASL11A",0.005,1,0.71898442470911,0,0.993703864524533,"GeoSVG-3D only"
"MFSD2A",0.006,1,0.949052774098721,0,0.998263135041251,"GeoSVG-3D only"
"MKI67",0.006,1,0.673440724664607,0,0.992401215805471,"GeoSVG-3D only"
"NPFF",0.006,1,0.870429509939278,0,0.995549283543204,"GeoSVG-3D only"
"GLRA1",0.007,1,0.0943190249335958,0,0.940295267042987,"GeoSVG-3D only"
"TRPV1",0.007,1,0.645739178889349,0,0.993595310464611,"GeoSVG-3D only"
"PAX8",0.0095,1,0.920862775504245,0,0.996743378202345,"GeoSVG-3D only"
"CDH13",0.0105,1,0.0122903539057979,1,0.835757707338254,"Both"
"AFP",0.0115,1,0.97611286787894,0,0.999131567520625,"GeoSVG-3D only"
"GRIK1",0.012,1,0.0162003826871031,1,0.908271819366044,"Both"
"TCAP",0.0125,1,0.549170844902753,0,0.99174989144594,"GeoSVG-3D only"
"SEMA3A",0.0145,1,0.231756947942463,0,0.963960052105949,"GeoSVG-3D only"
"TACR1",0.015,1,0.648228440138131,0,0.990990013026487,"GeoSVG-3D only"
"MYOC",0.017,1,0.25273456567879,0,0.984476769431177,"GeoSVG-3D only"
"TAX1BP3",0.028,1,0.784599063759242,0,0.992835432045158,"GeoSVG-3D only"
"CLIC6",0.031,1,0.457248005427524,0,0.975141120277898,"GeoSVG-3D only"
"DKK1",0.032,1,0.911087506660685,0,0.997828918801563,"GeoSVG-3D only"
"FOXP2",0.0385,1,0.164221201838859,0,0.956686930091185,"GeoSVG-3D only"
"SPHKAP",0.0455,1,0.017599814685278,1,0.838797221016066,"Both"
"VWC2L",0.0485,1,0.112267146408256,0,0.953104646113765,"GeoSVG-3D only"
"MFAP4",0.0495,1,0.762804382341784,0,0.993052540165002,"GeoSVG-3D only"
"CLDN10",0.0505,1,0.901938755547858,0,0.996634824142423,"GeoSVG-3D only"
"CRIM1",0.0555,1,0.233826731823229,0,0.948219713417282,"GeoSVG-3D only"
"GPX2",0.0605,1,0.640787283919956,0,0.989253148067738,"GeoSVG-3D only"
"FBP2",0.063,1,0.889128078259832,0,0.996200607902736,"GeoSVG-3D only"
"NELL1",0.066,1,0.0111322671661912,1,0.868432479374729,"Both"
"CCN4",0.072,1,0.907407468795517,0,0.996634824142423,"GeoSVG-3D only"
"TEKT5",0.0745,1,0.0367016610808076,1,0.911962657403387,"Both"
"IYD",0.087,1,0.567799297853674,0,0.993703864524533,"GeoSVG-3D only"
"MEOX1",0.0915,1,0.813580862092439,0,0.997503256621798,"GeoSVG-3D only"
"TFAP2D",0.0935,1,0.949337991806766,0,0.997611810681719,"GeoSVG-3D only"
"CD74",0.096,1,0.117462410824578,0,0.959834997828919,"GeoSVG-3D only"
"LRG1",0.102,1,0.90212679223265,0,0.996634824142423,"GeoSVG-3D only"
"PBX3",0.107,1,0.340220292307012,0,0.973295701259227,"GeoSVG-3D only"
"DLK1",0.1305,1,0.000148435251194567,1,0.682045158488927,"Both"
"SST",0.1365,1,0.0106578432408271,1,0.919561441597916,"Both"
"RLN3",0.142,1,0.755320862355878,0,0.991966999565784,"GeoSVG-3D only"
"TRP73",0.1625,1,0.804683060958369,0,0.994246634824142,"GeoSVG-3D only"
"SLC17A6",0.1875,1,0.0873103421414859,0,0.937038645245332,"GeoSVG-3D only"
"NXPH4",0.2885,1,0.310797834317994,0,0.982848458532349,"GeoSVG-3D only"
"TNF",0.317,1,0.657849104220955,0,0.991966999565784,"GeoSVG-3D only"
"NDST4",0.345,1,0.0486854375753978,1,0.931502388189318,"Both"
"ADA",0.3505,1,0.868568282883127,0,0.996309161962657,"GeoSVG-3D only"
"LMO3",0.3525,1,0.00190468909455543,1,0.874620060790274,"Both"
"NDUFA4L2",0.3745,1,0.754622967832911,0,0.995223621363439,"GeoSVG-3D only"
"CHRNA3",0.436,1,0.861762071328865,0,0.995006513243595,"GeoSVG-3D only"
"NPTX2",0.546,1,0.0167435817415325,1,0.898501953973079,"Both"
"CRYM",0.6225,1,0.0913408874262487,0,0.970473295701259,"GeoSVG-3D only"
"CHRNB3",0.637,1,0.789970422158799,0,0.994029526704299,"GeoSVG-3D only"
"GRP",0.6965,1,0.226926761618796,0,0.968953538862353,"GeoSVG-3D only"
"GNRHR",0.7405,1,0.891642213801622,0,0.995983499782892,"GeoSVG-3D only"
"CASR",0.755,1,0.888459169640862,0,0.996200607902736,"GeoSVG-3D only"
"ZMYM1",0.87,1,0.51399121698909,0,0.980351715154147,"GeoSVG-3D only"
"BRCA1",0.8885,1,0.841057419767621,0,0.995332175423361,"GeoSVG-3D only"
"ADM",0.896,1,0.614903026636328,0,0.994355188884064,"GeoSVG-3D only"
"HSPA1A",0.897,1,0.688185812054669,0,0.994029526704299,"GeoSVG-3D only"
"DPY19L1",0.899,1,0.0798327437497535,0,0.936170212765957,"GeoSVG-3D only"
"GAD2",0.9055,1,9.65806570918382e-06,1,0.5283326096396,"Both"
"RELL1",0.9215,1,0.428449704099677,0,0.975032566217977,"GeoSVG-3D only"
"SIX6",0.9275,1,0.899433633016965,0,0.996851932262267,"GeoSVG-3D only"
"RAMP3",0.9455,1,0.626426115726064,0,0.989795918367347,"GeoSVG-3D only"
"OTX1",0.951,0,0.690309227489613,0,0.994572297003908,"Neither"
"GPR101",0.9555,0,0.110845509018968,0,0.958098132870169,"Neither"
"SLC13A3",0.9565,0,0.677436921460998,0,0.995332175423361,"Neither"
"SNTB1",0.962,0,0.235256509664411,0,0.967976552323057,"Neither"
"GNA14",0.97,0,0.766705226691884,0,0.993378202344768,"Neither"
"TRH",0.9715,0,0.0117365181941705,1,0.95343030829353,"scBSP only"
"MC1R",0.972,0,0.825249770495279,0,0.995766391663048,"Neither"
"PRSS23",0.976,0,0.887825062170172,0,0.997611810681719,"Neither"
"CLEC2L",0.977,0,0.145443688739262,0,0.952670429874077,"Neither"
"SEMA3G",0.9775,0,0.485275499931254,0,0.983825445071646,"Neither"
"TUBA1C",0.987,0,0.894794079532346,0,0.997177594442032,"Neither"
"FAM107A",0.9875,0,0.0660577436849245,0,0.899804602692141,"Neither"
"A2M",0.989,0,0.903695979526523,0,0.995223621363439,"Neither"
"NPAS1",0.989,0,0.0832953480045251,0,0.962548849326965,"Neither"
"NR3C2",0.9895,0,0.0391900693142302,1,0.907077724706904,"scBSP only"
"VIPR1",0.99,0,0.288365199106234,0,0.983825445071646,"Neither"
"PEG10",0.9905,0,6.36137287999272e-05,1,0.575987841945289,"scBSP only"
"S100A4",0.991,0,0.870303150384661,0,0.994897959183674,"Neither"
"DLX5",0.993,0,0.68151543952586,0,0.992835432045158,"Neither"
"TMC3",0.994,0,0.953231549035343,0,0.997286148501954,"Neither"
"LUM",0.9945,0,0.90850391411341,0,0.997394702561876,"Neither"
"VSIG8",0.9955,0,0.881392265476422,0,0.99468085106383,"Neither"
"GPR119",0.996,0,0.89996449079461,0,0.99587494572297,"Neither"
"LGI2",0.996,0,0.016598071254276,1,0.870929222752931,"scBSP only"
"ISL1",0.9965,0,0.777116266759054,0,0.993920972644377,"Neither"
"CBR2",0.997,0,0.681182587731873,0,0.993052540165002,"Neither"
"H2-AB1",0.9975,0,0.319731060984891,0,0.981762917933131,"Neither"
"CHRNA2",0.998,0,0.967999832180652,0,0.997937472861485,"Neither"
"GRM6",0.998,0,0.716628596351073,0,0.994355188884064,"Neither"
"ARHGAP25",0.9985,0,0.853469233530054,0,0.993920972644377,"Neither"
"CPNE4",0.9985,0,0.043117748955339,1,0.906534954407295,"scBSP only"
"CXCL1",0.9985,0,0.709709989671055,0,0.995657837603126,"Neither"
"TACR2",0.9985,0,0.754262873494167,0,0.99468085106383,"Neither"
"CARD10",0.999,0,0.209944408687806,0,0.971775944420321,"Neither"
"HTR2A",0.999,0,0.655495650938468,0,0.98936170212766,"Neither"
"KCNG4",0.999,0,0.894043828875238,0,0.99587494572297,"Neither"
"TM4SF4",0.999,0,0.763973626263014,0,0.995983499782892,"Neither"
"ANGPT2",0.9995,0,0.839441321845882,0,0.996092053842814,"Neither"
"CBLN1",0.9995,0,0.000457738409495811,1,0.826856274424663,"scBSP only"
"CXCL14",0.9995,0,0.00675685005112425,1,0.867564046895354,"scBSP only"
"DPT",0.9995,0,0.938574393996422,0,0.996851932262267,"Neither"
"DRD4",0.9995,0,0.869470505287369,0,0.996851932262267,"Neither"
"EGLN3",0.9995,0,0.54635522292938,0,0.986973512809379,"Neither"
"ESPN",0.9995,0,0.841723258091217,0,0.995223621363439,"Neither"
"PTHLH",0.9995,0,0.575009403125505,0,0.988710377768129,"Neither"
"ABI3BP",1,0,0.787183764436614,0,0.991315675206253,"Neither"
"ACBD7",1,0,0.697463054434317,0,0.991858445505862,"Neither"
"ACTA2",1,0,0.539620531878282,0,0.980351715154147,"Neither"
"ADARB2",1,0,0.482957684154167,0,0.986322188449848,"Neither"
"ADCYAP1",1,0,0.0067425918782078,1,0.920864090316978,"scBSP only"
"ADGRG2",1,0,0.522701973171476,0,0.989253148067738,"Neither"
"ADGRG6",1,0,0.789847952825649,0,0.992401215805471,"Neither"
"ADORA2A",1,0,0.579539484536474,0,0.991858445505862,"Neither"
"ADRB2",1,0,0.574128800428533,0,0.987733391228832,"Neither"
"AGT",1,0,0.574947056412859,0,0.981871471993053,"Neither"
"AGTR2",1,0,0.444510069780066,0,0.992075553625706,"Neither"
"AJAP1",1,0,0.0116132696617423,1,0.8702778983934,"scBSP only"
"ALDH3B2",1,0,0.754346517047646,0,0.992184107685627,"Neither"
"ANGPT4",1,0,0.759251110250334,0,0.993052540165002,"Neither"
"ANKRD34B",1,0,0.49734193888963,0,0.985019539730786,"Neither"
"ANLN",1,0,0.236052191497889,0,0.976769431176726,"Neither"
"ANXA1",1,0,0.553840334953354,0,0.97937472861485,"Neither"
"APLN",1,0,0.12586623838675,0,0.94159791576205,"Neither"
"APLNR",1,0,0.995522698312726,0,0.999457229700391,"Neither"
"APOC1",1,0,0.516228592914495,0,0.98469387755102,"Neither"
"APOD",1,0,0.000349146425611235,1,0.726118106817195,"scBSP only"
"APOLD1",1,0,0.809711369219239,0,0.992835432045158,"Neither"
"AQP1",1,0,0.954912778476326,0,0.998046026921407,"Neither"
"AQP4",1,0,0.357735244626219,0,0.969387755102041,"Neither"
"ARAP2",1,0,0.109668790105912,0,0.949739470256188,"Neither"
"AREG",1,0,0.831315971238171,0,0.994355188884064,"Neither"
"ARHGAP6",1,0,0.110689658544063,0,0.958206686930091,"Neither"
"ASB4",1,0,0.180495182702592,0,0.967976552323057,"Neither"
"ASIC3",1,0,0.551659269968666,0,0.985128093790708,"Neither"
"ASIC4",1,0,0.612959874595521,0,0.988384715588363,"Neither"
"ATF3",1,0,0.546909045281532,0,0.988276161528441,"Neither"
"ATP2A3",1,0,0.621044549766427,0,0.989253148067738,"Neither"
"ATP2B4",1,0,0.0644731744546665,0,0.945397307859314,"Neither"
"BAIAP3",1,0,0.00920464821025169,1,0.76530612244898,"scBSP only"
"BARHL1",1,0,0.449662062003243,0,0.990447242726878,"Neither"
"BCL11B",1,0,0.233867083079769,0,0.978614850195397,"Neither"
"BCL6",1,0,0.726392979887308,0,0.992401215805471,"Neither"
"BDKRB1",1,0,0.726118846680661,0,0.989470256187581,"Neither"
"BDNF",1,0,0.027857568897127,1,0.925857577073383,"scBSP only"
"BHLHE22",1,0,0.507296458270666,0,0.985887972210161,"Neither"
"BIRC2",1,0,0.851792600981386,0,0.993920972644377,"Neither"
"BIRC5",1,0,0.299503345289983,0,0.981980026052974,"Neither"
"BMP4",1,0,0.865746612853788,0,0.996092053842814,"Neither"
"BRS3",1,0,0.64418021330266,0,0.99174989144594,"Neither"
"C1QB",1,0,0.211823919029784,0,0.961029092488059,"Neither"
"C1QL1",1,0,0.496822747956617,0,0.985670864090317,"Neither"
"C1QL3",1,0,0.0327278746890665,1,0.934867564046895,"scBSP only"
"C4B",1,0,0.0337153840903344,1,0.91272253582284,"scBSP only"
"CABP7",1,0,0.0412234667161059,1,0.924663482414242,"scBSP only"
"CACNA2D1",1,0,9.51151486598967e-05,1,0.646113764654798,"scBSP only"
"CADM1",1,0,0.000548315961228063,1,0.612462006079027,"scBSP only"
"CADM2",1,0,0.0696056908389971,0,0.939752496743378,"Neither"
"CALB1",1,0,0.111263333043279,0,0.94691706469822,"Neither"
"CALCA",1,0,0.664013427738043,0,0.994463742943986,"Neither"
"CALCB",1,0,0.799725181890661,0,0.994897959183674,"Neither"
"CALCRL",1,0,0.0725945958235326,0,0.963960052105949,"Neither"
"CAR10",1,0,0.146813659857068,0,0.960160660008684,"Neither"
"CAR2",1,0,9.74785380930543e-05,1,0.667064698219713,"scBSP only"
"CAR3",1,0,0.733872844284436,0,0.991424229266175,"Neither"
"CARTPT",1,0,2.06685365489179e-08,1,0.798089448545376,"scBSP only"
"CASP4",1,0,0.614392317031846,0,0.987299174989145,"Neither"
"CASP8",1,0,0.429639096532345,0,0.990013026487191,"Neither"
"CBLN3",1,0,0.643666051109021,0,0.99174989144594,"Neither"
"CCDC153",1,0,0.835036109526235,0,0.995766391663048,"Neither"
"CCKAR",1,0,0.614366327532934,0,0.988601823708207,"Neither"
"CCL24",1,0,0.657333174423097,0,0.990664350846722,"Neither"
"CCL3",1,0,0.616887661161111,0,0.99294398610508,"Neither"
"CCL4",1,0,0.21386908722359,0,0.985019539730786,"Neither"
"CCL7",1,0,0.797483648832497,0,0.992835432045158,"Neither"
"CCNA1",1,0,0.799319354486235,0,0.992292661745549,"Neither"
"CCND1",1,0,0.481313661136222,0,0.98469387755102,"Neither"
"CCNE1",1,0,0.224897913301897,0,0.972101606600087,"Neither"
"CCP110",1,0,0.0216844423959979,1,0.868541033434651,"scBSP only"
"CCR6",1,0,0.729328366503979,0,0.995223621363439,"Neither"
"CCRL2",1,0,0.854389406367198,0,0.994897959183674,"Neither"
"CD9",1,0,0.732581363600608,0,0.991315675206253,"Neither"
"CDHR1",1,0,0.815797183519738,0,0.99348675640469,"Neither"
"CDKL4",1,0,0.682285981698089,0,0.994789405123752,"Neither"
"CDKN1C",1,0,0.802742948409174,0,0.993161094224924,"Neither"
"CEACAM10",1,0,0.949216302034996,0,0.997503256621798,"Neither"
"CEMIP",1,0,0.736867097406942,0,0.99348675640469,"Neither"
"CENPF",1,0,0.69256093249795,0,0.990772904906643,"Neither"
"CFAP126",1,0,0.883070888330415,0,0.995657837603126,"Neither"
"CHAT",1,0,0.784224706228693,0,0.994789405123752,"Neither"
"CHODL",1,0,0.502696834869127,0,0.987950499348676,"Neither"
"CHRM2",1,0,0.203288112644335,0,0.965154146765089,"Neither"
"CHRM3",1,0,0.490816809251745,0,0.98056882327399,"Neither"
"CHRNA6",1,0,0.82988653069324,0,0.994246634824142,"Neither"
"CITED1",1,0,0.331519698745619,0,0.976877985236648,"Neither"
"CKS2",1,0,0.367398958137161,0,0.983825445071646,"Neither"
"CLCA3A1",1,0,0.590999555030699,0,0.985453755970473,"Neither"
"CLDN11",1,0,0.000375398026894458,1,0.754884932696483,"scBSP only"
"CLDN5",1,0,0.598746642815292,0,0.98881893182805,"Neither"
"CLIC5",1,0,0.47888569718519,0,0.988493269648285,"Neither"
"CNKSR3",1,0,0.430451832886287,0,0.987082066869301,"Neither"
"CNPY1",1,0,0.864377927633082,0,0.993812418584455,"Neither"
"CNR1",1,0,0.857863629418747,0,0.992509769865393,"Neither"
"CNTNAP3",1,0,0.640812155581341,0,0.988710377768129,"Neither"
"COL11A1",1,0,0.671708922313041,0,0.989036039947894,"Neither"
"COL15A1",1,0,0.349392333509739,0,0.982414242292662,"Neither"
"COL18A1",1,0,0.314291747910174,0,0.977963525835866,"Neither"
"COL25A1",1,0,0.162814837063659,0,0.949413808076422,"Neither"
"COL6A1",1,0,0.411453172949628,0,0.986864958749457,"Neither"
"COL9A2",1,0,0.559503513337676,0,0.99174989144594,"Neither"
"COX4I2",1,0,0.758781051303059,0,0.994463742943986,"Neither"
"COX6A2",1,0,0.667187679460033,0,0.993378202344768,"Neither"
"COX8B",1,0,0.931163765646282,0,0.996526270082501,"Neither"
"CPNE6",1,0,0.00161001259903282,1,0.719387755102041,"scBSP only"
"CPXM2",1,0,0.466999502742847,0,0.983065566652193,"Neither"
"CRABP1",1,0,0.481719699668348,0,0.979917498914459,"Neither"
"CREB3L1",1,0,0.612093181137912,0,0.990230134607034,"Neither"
"CRHBP",1,0,0.826168615846588,0,0.99348675640469,"Neither"
"CRHR1",1,0,0.725921340478388,0,0.990338688666956,"Neither"
"CRHR2",1,0,0.863420425429491,0,0.995332175423361,"Neither"
"CRISP1",1,0,0.871983216068932,0,0.995440729483283,"Neither"
"CRISPLD2",1,0,0.794040468103753,0,0.993052540165002,"Neither"
"CSF1R",1,0,0.389329694471226,0,0.975466782457664,"Neither"
"CSPG5",1,0,0.194932805676211,0,0.954841511072514,"Neither"
"CST3",1,0,1.10641113986176e-05,1,0.27301346070343,"scBSP only"
"CTGF",1,0,0.319942572390048,0,0.969496309161963,"Neither"
"CTPS",1,0,0.0187722493544603,1,0.865284411636995,"scBSP only"
"CTSC",1,0,0.923111972835698,0,0.995766391663048,"Neither"
"CTSS",1,0,0.153923929219944,0,0.95516717325228,"Neither"
"CTXN3",1,0,0.481564451653446,0,0.983065566652193,"Neither"
"CXCL2",1,0,0.287536025587962,0,0.970581849761181,"Neither"
"CYP26B1",1,0,0.505783293930247,0,0.98349978289188,"Neither"
"CYP2S1",1,0,0.503857157292883,0,0.986322188449848,"Neither"
"CYTH3",1,0,0.0813349460332701,0,0.92216673903604,"Neither"
"DAD1",1,0,0.080929619560929,0,0.921298306556665,"Neither"
"DBH",1,0,0.89728661837148,0,0.994138080764221,"Neither"
"DBPHT2",1,0,0.00637912698093357,1,0.88797221016066,"scBSP only"
"DCLK3",1,0,0.0231686857612262,1,0.875814155449414,"scBSP only"
"DEGS2",1,0,0.953326924010598,0,0.998371689101172,"Neither"
"DEPTOR",1,0,0.0697120190203723,0,0.937038645245332,"Neither"
"DHH",1,0,0.734615710919259,0,0.993052540165002,"Neither"
"DKKL1",1,0,0.874466068447861,0,0.995440729483283,"Neither"
"DMBX1",1,0,0.79279645102431,0,0.991641337386018,"Neither"
"DMKN",1,0,0.951552930752159,0,0.997503256621798,"Neither"
"DOC2G",1,0,0.575310153575614,0,0.985996526270082,"Neither"
"DOCK5",1,0,0.677768978286689,0,0.988276161528441,"Neither"
"DRD1",1,0,0.287197407366248,0,0.978397742075554,"Neither"
"DRD2",1,0,0.641568448620403,0,0.990121580547112,"Neither"
"DRD3",1,0,0.851690092525365,0,0.993920972644377,"Neither"
"DRD5",1,0,0.392358398333808,0,0.980460269214069,"Neither"
"DYNLRB2",1,0,0.768438856907192,0,0.995115067303517,"Neither"
"EBF1",1,0,0.298597547346826,0,0.981654363873209,"Neither"
"EBF2",1,0,0.478398283089272,0,0.98881893182805,"Neither"
"ECSCR",1,0,0.766257944837804,0,0.993269648284846,"Neither"
"EDN3",1,0,0.8127466251312,0,0.993378202344768,"Neither"
"EFHD1",1,0,0.527168552109358,0,0.985779418150239,"Neither"
"EFHD2",1,0,0.0261653067961407,1,0.898176291793313,"scBSP only"
"EFNA5",1,0,0.0814342804326411,0,0.940512375162831,"Neither"
"ENPP6",1,0,0.262182226227612,0,0.976335214937039,"Neither"
"EOMES",1,0,0.807038004826501,0,0.993920972644377,"Neither"
"EPYC",1,0,0.907704914447188,0,0.996960486322188,"Neither"
"ESRRG",1,0,0.545710096366989,0,0.981654363873209,"Neither"
"F13A1",1,0,0.874249925019637,0,0.996743378202345,"Neither"
"FABP7",1,0,0.227761226961093,0,0.969387755102041,"Neither"
"FAM180A",1,0,0.850764296864536,0,0.992292661745549,"Neither"
"FAM181B",1,0,0.132170195545243,0,0.95223621363439,"Neither"
"FAM184A",1,0,0.0698427447319283,0,0.924772036474164,"Neither"
"FAM214A",1,0,0.0406332560448014,1,0.908163265306122,"scBSP only"
"FAM216B",1,0,0.863069502097017,0,0.995332175423361,"Neither"
"FBLN2",1,0,0.843559423619778,0,0.994897959183674,"Neither"
"FBLN5",1,0,0.244522354922143,0,0.980243161094225,"Neither"
"FCMR",1,0,0.910719447010639,0,0.997286148501954,"Neither"
"FEV",1,0,0.565644386770197,0,0.990664350846722,"Neither"
"FGF10",1,0,0.22793735630063,0,0.979917498914459,"Neither"
"FGFR3",1,0,0.412624621156377,0,0.979266174554928,"Neither"
"FIBCD1",1,0,0.242696501289665,0,0.963960052105949,"Neither"
"FIGN",1,0,0.120156861937292,0,0.971233174120712,"Neither"
"FJX1",1,0,0.0778490752812874,0,0.953321754233608,"Neither"
"FLT1",1,0,0.0355324446831201,1,0.922383847155884,"scBSP only"
"FN1",1,0,0.278644219310105,0,0.967216673903604,"Neither"
"FOLR1",1,0,0.897430051824561,0,0.995983499782892,"Neither"
"FOS",1,0,0.134003496485552,0,0.977637863656101,"Neither"
"FRZB",1,0,0.481977801079436,0,0.985019539730786,"Neither"
"FSHR",1,0,0.62008396778845,0,0.985670864090317,"Neither"
"GABBR1",1,0,3.76664503312085e-05,1,0.388732088580113,"scBSP only"
"GABBR2",1,0,4.91604548693569e-05,1,0.435193226226661,"scBSP only"
"GABRA6",1,0,0.801330557513577,0,0.992292661745549,"Neither"
"GABRR2",1,0,0.726907080199964,0,0.991532783326096,"Neither"
"GAD1",1,0,0.116892768584925,0,0.949522362136344,"Neither"
"GADD45A",1,0,0.356572838691472,0,0.975792444637429,"Neither"
"GAL",1,0,0.0131615458061789,1,0.945071645679548,"scBSP only"
"GALNT14",1,0,0.786035730357324,0,0.990990013026487,"Neither"
"GALNTL6",1,0,0.206754641314028,0,0.975900998697351,"Neither"
"GALR1",1,0,0.596515269173773,0,0.989904472427269,"Neither"
"GALR2",1,0,0.643181887787798,0,0.985453755970473,"Neither"
"GALR3",1,0,0.387407621504443,0,0.983825445071646,"Neither"
"GAST",1,0,0.624201004695682,0,0.991424229266175,"Neither"
"GATA3",1,0,0.789839298558615,0,0.993920972644377,"Neither"
"GBX1",1,0,0.416728224627473,0,0.985345201910551,"Neither"
"GBX2",1,0,0.597084492800904,0,0.987841945288754,"Neither"
"GCGR",1,0,0.899345732070026,0,0.995983499782892,"Neither"
"GCH1",1,0,0.858948145389677,0,0.995332175423361,"Neither"
"GDF10",1,0,0.247555969752983,0,0.969713417281806,"Neither"
"GFAP",1,0,0.000182308441385115,1,0.744897959183674,"scBSP only"
"GFRA2",1,0,0.0350009958216212,1,0.911962657403387,"scBSP only"
"GFRA3",1,0,0.701121856240717,0,0.991207121146331,"Neither"
"GHRH",1,0,0.0619701304070379,0,0.982088580112896,"Neither"
"GHSR",1,0,0.565352830194038,0,0.991532783326096,"Neither"
"GIPR",1,0,0.730106060852187,0,0.994246634824142,"Neither"
"GJA1",1,0,0.00624299021537289,1,0.842705167173252,"scBSP only"
"GJB1",1,0,0.646193072623754,0,0.992618323925315,"Neither"
"GJB2",1,0,0.6364636540579,0,0.991207121146331,"Neither"
"GKN3",1,0,0.495298808941858,0,0.980785931393834,"Neither"
"GLDC",1,0,0.411917634977719,0,0.988601823708207,"Neither"
"GM5741",1,0,0.593818441145484,0,0.98762483716891,"Neither"
"GNB3",1,0,0.938621356290949,0,0.997177594442032,"Neither"
"GNG4",1,0,0.223335448456525,0,0.960160660008684,"Neither"
"GNG8",1,0,0.0560855447138119,0,0.976552323056882,"Neither"
"GNRH1",1,0,0.904274950812833,0,0.996092053842814,"Neither"
"GPC3",1,0,0.846232941844181,0,0.994029526704299,"Neither"
"GPR139",1,0,0.326961947145109,0,0.972427268779852,"Neither"
"GPR17",1,0,0.566551403170456,0,0.985128093790708,"Neither"
"GPR34",1,0,0.248263561001245,0,0.96993052540165,"Neither"
"GPR50",1,0,0.683909270931746,0,0.99348675640469,"Neither"
"GPR83",1,0,0.905447387850319,0,0.995549283543204,"Neither"
"GPR88",1,0,0.506366965073489,0,0.984151107251411,"Neither"
"GPRASP2",1,0,6.07108809668189e-05,1,0.458098132870169,"scBSP only"
"GPSM1",1,0,0.00205810275277152,1,0.743703864524533,"scBSP only"
"GRIK3",1,0,0.193271074674934,0,0.959183673469388,"Neither"
"GRIN2C",1,0,0.673856550695125,0,0.991315675206253,"Neither"
"GRM1",1,0,0.0556452604934852,0,0.91923577941815,"Neither"
"GRM2",1,0,0.0742394343847874,0,0.943877551020408,"Neither"
"GRM4",1,0,0.018868498545712,1,0.891880156317846,"scBSP only"
"GRM5",1,0,0.000947660523634597,1,0.690295267042987,"scBSP only"
"GRM7",1,0,0.000589259015718158,1,0.662939643942683,"scBSP only"
"GRM8",1,0,0.254115293293786,0,0.969496309161963,"Neither"
"GRPR",1,0,0.561937182479211,0,0.985562310030395,"Neither"
"HAND1",1,0,0.882766305316851,0,0.994789405123752,"Neither"
"HAPLN2",1,0,0.850617530647063,0,0.995332175423361,"Neither"
"HCRT",1,0,3.7513509286935e-05,1,0.958532349109857,"scBSP only"
"HCRTR1",1,0,0.340587990206736,0,0.9811115935736,"Neither"
"HDHD3",1,0,0.118212922728302,0,0.9493052540165,"Neither"
"HHIP",1,0,0.510008432909923,0,0.984585323491099,"Neither"
"HIGD1B",1,0,0.75573267660396,0,0.994138080764221,"Neither"
"HOPX",1,0,0.101873609463009,0,0.936495874945723,"Neither"
"HOXA10",1,0,0.593038773783886,0,0.986105080330004,"Neither"
"HOXA7",1,0,0.594225615669688,0,0.983391228831958,"Neither"
"HOXB3",1,0,0.806563698083988,0,0.99174989144594,"Neither"
"HOXB6",1,0,0.835878333173014,0,0.992509769865393,"Neither"
"HOXB8",1,0,0.817430115716966,0,0.993378202344768,"Neither"
"HOXB9",1,0,0.815106498552794,0,0.993052540165002,"Neither"
"HOXC10",1,0,0.684288847057232,0,0.989144594007816,"Neither"
"HOXC4",1,0,0.836063728422257,0,0.99468085106383,"Neither"
"HOXC5",1,0,0.315562934987065,0,0.975900998697351,"Neither"
"HOXC8",1,0,0.588749190357044,0,0.984585323491099,"Neither"
"HOXC9",1,0,0.761178682415796,0,0.995657837603126,"Neither"
"HPCAL4",1,0,0.000732649197744961,1,0.778115501519757,"scBSP only"
"HRH1",1,0,0.439091696912012,0,0.97937472861485,"Neither"
"HRH3",1,0,0.132470061356156,0,0.961137646547981,"Neither"
"HRH4",1,0,0.598428778492894,0,0.986864958749457,"Neither"
"HS6ST2",1,0,0.120687619051784,0,0.960703430308294,"Neither"
"HSPB7",1,0,0.620426747889592,0,0.992292661745549,"Neither"
"HTR1A",1,0,0.261426018818879,0,0.97524967433782,"Neither"
"HTR1B",1,0,0.111933832427276,0,0.944528875379939,"Neither"
"HTR1D",1,0,0.417952448574883,0,0.987190620929223,"Neither"
"HTR1F",1,0,0.250102745357902,0,0.967216673903604,"Neither"
"HTR3A",1,0,0.560537758050301,0,0.982739904472427,"Neither"
"HTR3B",1,0,0.8697621219688,0,0.996092053842814,"Neither"
"HTR5A",1,0,0.110184330637573,0,0.949956578376031,"Neither"
"HTR5B",1,0,0.631324652257346,0,0.993595310464611,"Neither"
"HTRA1",1,0,0.00739622324248024,1,0.821102909248806,"scBSP only"
"IBSP",1,0,0.883204617348015,0,0.995223621363439,"Neither"
"ID2",1,0,0.49155083255647,0,0.986973512809379,"Neither"
"ID4",1,0,0.317530215414771,0,0.966782457663917,"Neither"
"IDO1",1,0,0.651297443743625,0,0.988059053408597,"Neither"
"IFITM1",1,0,0.361483799250701,0,0.977854971775944,"Neither"
"IGF2",1,0,0.155102994687596,0,0.967976552323057,"Neither"
"IGFBPL1",1,0,0.903296532622589,0,0.996526270082501,"Neither"
"IGSF1",1,0,0.21280795269208,0,0.96699956578376,"Neither"
"IL1RAPL2",1,0,0.334002900322689,0,0.986322188449848,"Neither"
"IL23A",1,0,0.700478950425437,0,0.990990013026487,"Neither"
"IL31RA",1,0,0.54830613521356,0,0.982414242292662,"Neither"
"IL33",1,0,0.202456014431626,0,0.957338254450716,"Neither"
"INPP5J",1,0,0.172402493016906,0,0.967867998263135,"Neither"
"IRS4",1,0,0.133914643267875,0,0.950607902735562,"Neither"
"IRX2",1,0,0.622381936819734,0,0.987841945288754,"Neither"
"IRX6",1,0,0.243523176301655,0,0.980026052974381,"Neither"
"ISL2",1,0,0.908208287241434,0,0.995549283543204,"Neither"
"ISLR",1,0,0.573804388004745,0,0.988276161528441,"Neither"
"ITPR2",1,0,0.139624049847473,0,0.970581849761181,"Neither"
"KCNAB1",1,0,0.194613214466808,0,0.955709943551889,"Neither"
"KCNC2",1,0,0.647477528179744,0,0.986213634389926,"Neither"
"KCND3",1,0,0.124861139990806,0,0.927268779852366,"Neither"
"KCNIP1",1,0,0.864568242272997,0,0.995657837603126,"Neither"
"KCNJ8",1,0,0.699461367421406,0,0.993920972644377,"Neither"
"KCNK3",1,0,0.5376126523156,0,0.980785931393834,"Neither"
"KCTD12",1,0,0.0959071535217295,0,0.953864524533218,"Neither"
"KIF5B",1,0,0.103198252770913,0,0.916304819800261,"Neither"
"KL",1,0,0.549901956824202,0,0.985128093790708,"Neither"
"KLHL14",1,0,0.484369883195874,0,0.987733391228832,"Neither"
"KLK6",1,0,0.353858228367368,0,0.985779418150239,"Neither"
"KRT17",1,0,0.62328600967808,0,0.991098567086409,"Neither"
"KRT19",1,0,0.872128389497943,0,0.996960486322188,"Neither"
"KRT73",1,0,0.760884784433533,0,0.996417716022579,"Neither"
"LBP",1,0,0.795371054965333,0,0.996309161962657,"Neither"
"LBX1",1,0,0.951733222101432,0,0.997286148501954,"Neither"
"LEF1",1,0,0.0743514338232162,0,0.963634389926183,"Neither"
"LHX1",1,0,0.694553501763614,0,0.991424229266175,"Neither"
"LHX2",1,0,0.549319661677864,0,0.981762917933131,"Neither"
"LHX6",1,0,0.312626278666577,0,0.982739904472427,"Neither"
"LHX9",1,0,0.500011611470599,0,0.988710377768129,"Neither"
"LIMS2",1,0,0.202038868512261,0,0.9716673903604,"Neither"
"LINGO4",1,0,0.467438560266462,0,0.975683890577508,"Neither"
"LMCD1",1,0,0.522487395888245,0,0.988167607468519,"Neither"
"LMX1A",1,0,0.289956078694663,0,0.983391228831958,"Neither"
"LRPPRC",1,0,0.0509682124909976,0,0.898936170212766,"Neither"
"LRRC55",1,0,0.0140045696133976,1,0.88797221016066,"scBSP only"
"LRRTM2",1,0,0.838028399542185,0,0.994246634824142,"Neither"
"LY6C1",1,0,0.789309941387246,0,0.991532783326096,"Neither"
"LY6D",1,0,0.882367513649809,0,0.995332175423361,"Neither"
"LYPD1",1,0,0.00448152335608687,1,0.880156317846287,"scBSP only"
"LYPD2",1,0,0.695910299063596,0,0.99174989144594,"Neither"
"LYPD6",1,0,0.141313092595464,0,0.954407294832827,"Neither"
"MAB21L2",1,0,0.868608217116884,0,0.994897959183674,"Neither"
"MAL",1,0,0.781804033287103,0,0.990881458966565,"Neither"
"MAN1A",1,0,0.0653212384798865,0,0.945397307859314,"Neither"
"MATN2",1,0,0.150878084418602,0,0.974272687798524,"Neither"
"MBP",1,0,9.68576034687807e-06,1,0.417173252279635,"scBSP only"
"MCHR1",1,0,0.526082354403277,0,0.990664350846722,"Neither"
"MEGF11",1,0,0.899417237912262,0,0.996526270082501,"Neither"
"MEIS2",1,0,0.000308471763727503,1,0.894594007815892,"scBSP only"
"MGARP",1,0,0.825472784618016,0,0.995766391663048,"Neither"
"MGST1",1,0,0.668994005856711,0,0.991858445505862,"Neither"
"MIA",1,0,0.847324765853136,0,0.995115067303517,"Neither"
"MLF1",1,0,0.409420757532783,0,0.973947025618758,"Neither"
"MNS1",1,0,0.336461704800482,0,0.988059053408597,"Neither"
"MOG",1,0,0.00916466580734954,1,0.865718627876683,"scBSP only"
"MOXD1",1,0,0.623444118494397,0,0.989578810247503,"Neither"
"MREG",1,0,0.717238857828389,0,0.991098567086409,"Neither"
"MS4A7",1,0,0.916372786970213,0,0.996092053842814,"Neither"
"MTNR1B",1,0,0.770818229656729,0,0.994572297003908,"Neither"
"MYC",1,0,0.197992710588839,0,0.959183673469388,"Neither"
"MYH11",1,0,0.572099636859214,0,0.991641337386018,"Neither"
"MYH8",1,0,0.699380283945294,0,0.992509769865393,"Neither"
"MYL4",1,0,0.631711510632885,0,0.991098567086409,"Neither"
"NCCRP1",1,0,0.784533629820101,0,0.994246634824142,"Neither"
"NCMAP",1,0,0.947528950594154,0,0.996634824142423,"Neither"
"NDNF",1,0,0.255597407569267,0,0.973729917498914,"Neither"
"NDRG2",1,0,0.291064665741424,0,0.97698653929657,"Neither"
"NECAB1",1,0,0.35079903623747,0,0.978831958315241,"Neither"
"NEFH",1,0,0.0142686099748289,1,0.888189318280504,"scBSP only"
"NEFM",1,0,8.8893204142293e-05,1,0.629396439426835,"scBSP only"
"NEU4",1,0,0.629492428033582,0,0.987190620929223,"Neither"
"NEUROD1",1,0,0.224451510457352,0,0.966131133304386,"Neither"
"NFATC2",1,0,0.114508050966583,0,0.943334780720799,"Neither"
"NFIB",1,0,0.250374201083645,0,0.967650890143291,"Neither"
"NGB",1,0,0.0287804137498522,1,0.876248371689101,"scBSP only"
"NGFR",1,0,0.601287441211029,0,0.989578810247503,"Neither"
"NHLH2",1,0,0.11684655621135,0,0.971450282240556,"Neither"
"NINJ2",1,0,0.316493078237994,0,0.979266174554928,"Neither"
"NKX2-1",1,0,0.144877327135551,0,0.9587494572297,"Neither"
"NKX2-9",1,0,0.625830331116086,0,0.991315675206253,"Neither"
"NMB",1,0,0.270650830194157,0,0.98349978289188,"Neither"
"NMBR",1,0,0.670608016568886,0,0.990013026487191,"Neither"
"NMU",1,0,0.219640516698268,0,0.984042553191489,"Neither"
"NMUR1",1,0,0.846227888963565,0,0.993703864524533,"Neither"
"NMUR2",1,0,0.696696364275348,0,0.989687364307425,"Neither"
"NOG",1,0,0.143557842139975,0,0.950825010855406,"Neither"
"NOS1",1,0,0.0449757670468214,1,0.89741641337386,"scBSP only"
"NPFFR1",1,0,0.586598217678636,0,0.987733391228832,"Neither"
"NPFFR2",1,0,0.692838305635893,0,0.99348675640469,"Neither"
"NPNT",1,0,0.146727891737105,0,0.966891011723839,"Neither"
"NPPA",1,0,0.574304316704156,0,0.989687364307425,"Neither"
"NPPB",1,0,0.663008169225356,0,0.99174989144594,"Neither"
"NPPC",1,0,0.318513593266198,0,0.975683890577508,"Neither"
"NPSR1",1,0,0.739873956936532,0,0.991858445505862,"Neither"
"NPW",1,0,0.322877157136693,0,0.978723404255319,"Neither"
"NPY2R",1,0,0.140636772884963,0,0.968519322622666,"Neither"
"NPY5R",1,0,0.625499204386292,0,0.992075553625706,"Neither"
"NR2F2",1,0,0.137792940402507,0,0.953973078593139,"Neither"
"NR4A2",1,0,0.797368080971751,0,0.99294398610508,"Neither"
"NREP",1,0,0.0379582724624836,1,0.91098567086409,"scBSP only"
"NRIP3",1,0,0.0115673486591298,1,0.862244897959184,"scBSP only"
"NRL",1,0,0.670660162825325,0,0.987950499348676,"Neither"
"NRP2",1,0,0.0929963865348594,0,0.925640468953539,"Neither"
"NRTN",1,0,0.554802088534685,0,0.985670864090317,"Neither"
"NTF3",1,0,0.611146622734578,0,0.989036039947894,"Neither"
"NTNG1",1,0,0.0321289120075705,1,0.904798089448545,"scBSP only"
"NTS",1,0,0.382674247183561,0,0.97698653929657,"Neither"
"NWD2",1,0,0.0320528419515395,1,0.953864524533218,"scBSP only"
"NXPH2",1,0,0.717900569120128,0,0.990013026487191,"Neither"
"NXPH3",1,0,0.581725336183955,0,0.988276161528441,"Neither"
"OLFM2",1,0,0.00115598396520122,1,0.712983065566652,"scBSP only"
"OLFML2A",1,0,0.416675720570207,0,0.977203647416413,"Neither"
"OLFR558",1,0,0.901670911696252,0,0.995766391663048,"Neither"
"OMP",1,0,0.497103464132963,0,0.981654363873209,"Neither"
"ONECUT2",1,0,0.120773221969313,0,0.951584889274859,"Neither"
"OPALIN",1,0,0.0281180057689786,1,0.900564481111594,"scBSP only"
"OPRK1",1,0,0.590288622655173,0,0.990338688666956,"Neither"
"OPRL1",1,0,0.00296209372845457,1,0.758575770733825,"scBSP only"
"OPRM1",1,0,0.446765603931747,0,0.985128093790708,"Neither"
"OSR1",1,0,0.530617137953733,0,0.980460269214069,"Neither"
"OTOF",1,0,0.0485124219393954,1,0.891228831958315,"scBSP only"
"OTP",1,0,0.118118135249771,0,0.95462440295267,"Neither"
"OTX2",1,0,0.843083200453848,0,0.994572297003908,"Neither"
"OXTR",1,0,0.145627144449259,0,0.960269214068606,"Neither"
"P2RX2",1,0,0.73383024950402,0,0.991424229266175,"Neither"
"P2RY12",1,0,0.555212812316217,0,0.987190620929223,"Neither"
"PALM3",1,0,0.287652638195868,0,0.972427268779852,"Neither"
"PAPPA",1,0,0.893317303335863,0,0.99587494572297,"Neither"
"PAPPA2",1,0,0.766142567583044,0,0.994463742943986,"Neither"
"PAQR5",1,0,0.729580041780384,0,0.991207121146331,"Neither"
"PARM1",1,0,0.00856414740915878,1,0.862679114198871,"scBSP only"
"PAX2",1,0,0.910395935623425,0,0.996417716022579,"Neither"
"PAX5",1,0,0.7775385994943,0,0.993595310464611,"Neither"
"PAX6",1,0,0.301122369353524,0,0.973621363438993,"Neither"
"PAX7",1,0,0.782156591164446,0,0.99174989144594,"Neither"
"PBK",1,0,0.637354596020486,0,0.990772904906643,"Neither"
"PCDH11X",1,0,0.0550535072563753,0,0.918584455058619,"Neither"
"PCDH20",1,0,0.14776989023836,0,0.951150673035172,"Neither"
"PCP2",1,0,0.614121668625251,0,0.991315675206253,"Neither"
"PCP4",1,0,1.42493769237362e-05,1,0.778441163699522,"scBSP only"
"PCSK5",1,0,0.317157432200798,0,0.984802431610942,"Neither"
"PDCD4",1,0,0.0141296350341016,1,0.812092922275293,"scBSP only"
"PDE11A",1,0,0.347737277424448,0,0.984910985670864,"Neither"
"PDE1C",1,0,0.211035276841394,0,0.960594876248372,"Neither"
"PDE6G",1,0,0.747360665118356,0,0.991858445505862,"Neither"
"PDGFA",1,0,0.0781413970340089,0,0.933239253148068,"Neither"
"PDYN",1,0,0.0148305604803476,1,0.933890577507599,"scBSP only"
"PENK",1,0,2.13779125513014e-08,1,0.667064698219713,"scBSP only"
"PGAM2",1,0,0.556323235250911,0,0.984042553191489,"Neither"
"PGLYRP1",1,0,0.138247040256011,0,0.95929222752931,"Neither"
"PGR",1,0,0.11052657606841,0,0.930525401650022,"Neither"
"PHLDA1",1,0,0.271018350409882,0,0.979591836734694,"Neither"
"PHOX2A",1,0,0.687349391234187,0,0.991966999565784,"Neither"
"PHOX2B",1,0,0.699174532253451,0,0.991315675206253,"Neither"
"PI16",1,0,0.483552986572806,0,0.987190620929223,"Neither"
"PIEZO2",1,0,0.48183307683723,0,0.984476769431177,"Neither"
"PITX2",1,0,0.0243862437944947,1,0.942683456361268,"scBSP only"
"PKD1L2",1,0,0.623520161268169,0,0.991966999565784,"Neither"
"PKD2L1",1,0,0.556515348577189,0,0.985345201910551,"Neither"
"PKIB",1,0,0.570721778030028,0,0.987841945288754,"Neither"
"PLA2G5",1,0,0.927224612868979,0,0.997503256621798,"Neither"
"PLCH1",1,0,0.129851674033651,0,0.951259227095093,"Neither"
"PLIN3",1,0,0.562682149959245,0,0.99174989144594,"Neither"
"PLTP",1,0,0.236619391260443,0,0.968844984802432,"Neither"
"PNOC",1,0,0.0430487160060989,1,0.924880590534086,"scBSP only"
"POSTN",1,0,0.547781938414925,0,0.984910985670864,"Neither"
"POU3F1",1,0,0.803127973066059,0,0.994897959183674,"Neither"
"POU4F1",1,0,0.691509267836882,0,0.994572297003908,"Neither"
"POU4F3",1,0,0.914070858467677,0,0.998371689101172,"Neither"
"POU6F2",1,0,0.256884837980957,0,0.974272687798524,"Neither"
"PPM1J",1,0,0.82682603251128,0,0.992075553625706,"Neither"
"PPP1R14A",1,0,0.020021071979815,1,0.910660008684325,"scBSP only"
"PPP1R17",1,0,0.224053944482134,0,0.975466782457664,"Neither"
"PPP1R1B",1,0,0.000171618657297534,1,0.888949196699957,"scBSP only"
"PPP2R2B",1,0,0.0025673936496442,1,0.772796352583587,"scBSP only"
"PRDM12",1,0,0.315587306053665,0,0.981003039513678,"Neither"
"PRKCD",1,0,0.00179314216128079,1,0.893617021276596,"scBSP only"
"PRKCQ",1,0,0.272022058045038,0,0.97698653929657,"Neither"
"PRLHR",1,0,0.839317330111686,0,0.99468085106383,"Neither"
"PRLR",1,0,0.0882208575901414,0,0.959943551888841,"Neither"
"PROKR1",1,0,0.75841530477931,0,0.99468085106383,"Neither"
"PROKR2",1,0,0.691527974171739,0,0.987733391228832,"Neither"
"PROX1",1,0,0.00908789359073803,1,0.84140251845419,"scBSP only"
"PRPH",1,0,0.12951647879916,0,0.975358228397742,"Neither"
"PRR5L",1,0,0.171942756605732,0,0.959075119409466,"Neither"
"PRRXL1",1,0,0.472902930248363,0,0.98056882327399,"Neither"
"PRSS12",1,0,0.259696119574984,0,0.97231871471993,"Neither"
"PRSS35",1,0,0.912070125349339,0,0.996092053842814,"Neither"
"PRSS56",1,0,0.666149611196676,0,0.989795918367347,"Neither"
"PTGDS",1,0,2.03822418942678e-08,1,0.449088145896657,"scBSP only"
"PTGFR",1,0,0.712840278923153,0,0.991858445505862,"Neither"
"PTGIR",1,0,0.899475276553052,0,0.996417716022579,"Neither"
"PTH1R",1,0,0.947075783590221,0,0.996309161962657,"Neither"
"PTH2R",1,0,0.746575041646414,0,0.994355188884064,"Neither"
"PTK2B",1,0,0.0192025667473101,1,0.936061658706036,"scBSP only"
"PTPN3",1,0,0.424362476437245,0,0.979700390794616,"Neither"
"PTPRK",1,0,0.135887150267822,0,0.954407294832827,"Neither"
"RAB37",1,0,0.659908063391223,0,0.991424229266175,"Neither"
"RAB3B",1,0,0.00181743301972737,1,0.802757273122015,"scBSP only"
"RASD1",1,0,0.282115750435684,0,0.98056882327399,"Neither"
"RD3L",1,0,0.802376898649006,0,0.994572297003908,"Neither"
"RERG",1,0,0.24947063668974,0,0.96580547112462,"Neither"
"RESP18",1,0,0.0204724437721663,1,0.826204950065132,"scBSP only"
"RET",1,0,0.425576139206933,0,0.975683890577508,"Neither"
"RGS12",1,0,0.425096965249764,0,0.983825445071646,"Neither"
"RGS16",1,0,0.0792607851100374,0,0.966131133304386,"Neither"
"RGS5",1,0,0.938146198829084,0,0.99706904038211,"Neither"
"RGS8",1,0,0.0118478641713736,1,0.84313938341294,"scBSP only"
"RHCG",1,0,0.74450267926532,0,0.9905557967868,"Neither"
"RIMS4",1,0,0.0944760162001134,0,0.937364307425098,"Neither"
"RINL",1,0,0.782403323623029,0,0.993595310464611,"Neither"
"RNF152",1,0,0.653635441134098,0,0.989253148067738,"Neither"
"RORA",1,0,0.0436264051254904,1,0.922600955275727,"scBSP only"
"RPP25",1,0,0.101615772125509,0,0.940620929222753,"Neither"
"RPRM",1,0,0.0228706535011635,1,0.894376899696049,"scBSP only"
"RRAS2",1,0,0.478478619662455,0,0.984802431610942,"Neither"
"RRM2",1,0,0.497781725000056,0,0.993703864524533,"Neither"
"RSPO1",1,0,0.0474475792021304,1,0.926183239253148,"scBSP only"
"RUNX1",1,0,0.375574942197461,0,0.979591836734694,"Neither"
"RXFP2",1,0,0.705709543547777,0,0.987190620929223,"Neither"
"RXFP3",1,0,0.823445391881515,0,0.992835432045158,"Neither"
"RXFP4",1,0,0.80578712497744,0,0.99174989144594,"Neither"
"S1PR1",1,0,0.506933301585792,0,0.98349978289188,"Neither"
"SAG",1,0,0.526805225324589,0,0.992184107685627,"Neither"
"SALL3",1,0,0.640164495884456,0,0.987841945288754,"Neither"
"SAMSN1",1,0,0.67561452191983,0,0.989036039947894,"Neither"
"SCGB3A1",1,0,0.786799414441442,0,0.992292661745549,"Neither"
"SCGN",1,0,0.830724374715872,0,0.994463742943986,"Neither"
"SCN10A",1,0,0.731052343633283,0,0.993812418584455,"Neither"
"SCN5A",1,0,0.0301614003784619,1,0.907946157186279,"scBSP only"
"SCN7A",1,0,0.50159091465121,0,0.983608336951802,"Neither"
"SCNN1A",1,0,0.460120019829485,0,0.981437255753365,"Neither"
"SCUBE1",1,0,0.686480150338744,0,0.989253148067738,"Neither"
"SELPLG",1,0,0.562013560075133,0,0.989795918367347,"Neither"
"SEMA3C",1,0,0.294731660943046,0,0.982197134172818,"Neither"
"SEMA3E",1,0,0.457369787816316,0,0.97405557967868,"Neither"
"SEMA3F",1,0,0.774227600333535,0,0.992075553625706,"Neither"
"SERPINB1A",1,0,0.695135433590309,0,0.988384715588363,"Neither"
"SERPINB1B",1,0,0.539837930263433,0,0.982631350412505,"Neither"
"SERPINF1",1,0,0.434733137873788,0,0.981980026052974,"Neither"
"SFRP2",1,0,0.797222150080937,0,0.992075553625706,"Neither"
"SHISA8",1,0,0.854945341501709,0,0.994897959183674,"Neither"
"SHOX2",1,0,0.685454871833876,0,0.992835432045158,"Neither"
"SIGLECH",1,0,0.727912849412586,0,0.990664350846722,"Neither"
"SIM1",1,0,0.190311060518017,0,0.973512809379071,"Neither"
"SIX3",1,0,0.260641922711183,0,0.975032566217977,"Neither"
"SKOR1",1,0,0.497060670509759,0,0.989144594007816,"Neither"
"SLC18A2",1,0,0.850337688650398,0,0.996092053842814,"Neither"
"SLC1A3",1,0,0.0107708698822357,1,0.825879287885367,"scBSP only"
"SLC1A6",1,0,0.633362772392049,0,0.984802431610942,"Neither"
"SLC22A4",1,0,0.516365985336634,0,0.989036039947894,"Neither"
"SLC24A2",1,0,0.0218999415058253,1,0.866695614415979,"scBSP only"
"SLC26A3",1,0,0.908344365296261,0,0.995766391663048,"Neither"
"SLC32A1",1,0,0.000630354018177348,1,0.76237516283109,"scBSP only"
"SLC34A2",1,0,0.651090271151914,0,0.989795918367347,"Neither"
"SLC36A2",1,0,0.52817966499102,0,0.983825445071646,"Neither"
"SLC5A7",1,0,0.65516730631719,0,0.994355188884064,"Neither"
"SLC6A4",1,0,0.497455214880008,0,0.982631350412505,"Neither"
"SLC6A5",1,0,0.718893161818589,0,0.991858445505862,"Neither"
"SLC7A10",1,0,0.378059589340083,0,0.977203647416413,"Neither"
"SLCO3A1",1,0,0.0345810641444946,1,0.905557967867998,"scBSP only"
"SNX33",1,0,0.24223333223593,0,0.96341728180634,"Neither"
"SOCS3",1,0,0.669890526604962,0,0.995223621363439,"Neither"
"SORCS1",1,0,0.0349613866777798,1,0.910660008684325,"scBSP only"
"SOST",1,0,0.545556426766874,0,0.990447242726878,"Neither"
"SOSTDC1",1,0,0.730278215118667,0,0.991966999565784,"Neither"
"SOX4",1,0,0.489370638992976,0,0.985019539730786,"Neither"
"SP9",1,0,0.214538829558737,0,0.981328701693443,"Neither"
"SPDEF",1,0,0.910822706093059,0,0.998263135041251,"Neither"
"SPON1",1,0,0.0221218456803768,1,0.866261398176292,"scBSP only"
"SPON2",1,0,0.972943626354721,0,0.998371689101172,"Neither"
"SPP1",1,0,0.765783957041599,0,0.991424229266175,"Neither"
"SPP2",1,0,0.783129922723289,0,0.993269648284846,"Neither"
"SSPO",1,0,0.834605718918543,0,0.992835432045158,"Neither"
"SSTR1",1,0,0.8253096883538,0,0.991424229266175,"Neither"
"SSTR2",1,0,0.665767925067533,0,0.98936170212766,"Neither"
"ST8SIA4",1,0,0.445652681158995,0,0.983716891011724,"Neither"
"ST8SIA6",1,0,0.276234441882641,0,0.979808944854538,"Neither"
"STEAP2",1,0,0.395028594528383,0,0.981654363873209,"Neither"
"STMN2",1,0,0.00187598554608537,1,0.697459834997829,"scBSP only"
"SV2C",1,0,0.30495669477405,0,0.963634389926183,"Neither"
"SYNPO2",1,0,0.298107303376093,0,0.968627876682588,"Neither"
"SYNPR",1,0,0.0177002511152461,1,0.891120277898393,"scBSP only"
"SYT15",1,0,0.595823707890838,0,0.991532783326096,"Neither"
"SYT2",1,0,0.050967446267976,0,0.941815023881893,"Neither"
"SYT6",1,0,0.0851789198294065,0,0.93693009118541,"Neither"
"TAC1",1,0,0.00167762729405208,1,0.899696048632219,"scBSP only"
"TAC2",1,0,0.0431546450230283,1,0.956578376031264,"scBSP only"
"TACR3",1,0,0.461071987263981,0,0.992509769865393,"Neither"
"TACSTD2",1,0,0.728912390658667,0,0.993703864524533,"Neither"
"TAGLN",1,0,0.805817202012966,0,0.994029526704299,"Neither"
"TAL1",1,0,0.591064203270261,0,0.986322188449848,"Neither"
"TBX18",1,0,0.768632662241409,0,0.993161094224924,"Neither"
"TBX20",1,0,0.874201652523231,0,0.995766391663048,"Neither"
"TBXA2R",1,0,0.939503750684153,0,0.997720364741641,"Neither"
"TCF7L2",1,0,0.0582008079438492,0,0.943334780720799,"Neither"
"TEK",1,0,0.620951392136999,0,0.990881458966565,"Neither"
"TFAP2B",1,0,0.854981761378572,0,0.992835432045158,"Neither"
"TFAP2C",1,0,0.632132083430556,0,0.989253148067738,"Neither"
"TGFB2",1,0,0.46785675698118,0,0.984585323491099,"Neither"
"TH",1,0,0.0547638021963909,0,0.973729917498914,"Neither"
"THBD",1,0,0.613218026012138,0,0.989144594007816,"Neither"
"THRSP",1,0,0.0452630102560198,1,0.936387320885801,"scBSP only"
"TIAM1",1,0,0.0431458620860001,1,0.917064698219713,"scBSP only"
"TIAM2",1,0,0.728886781112951,0,0.993595310464611,"Neither"
"TMEM114",1,0,0.6516033844389,0,0.986756404689535,"Neither"
"TMEM141",1,0,0.217831347012394,0,0.964285714285714,"Neither"
"TMEM212",1,0,0.792725726575642,0,0.993595310464611,"Neither"
"TMEM215",1,0,0.200597945626595,0,0.96168041684759,"Neither"
"TMEM255A",1,0,0.0918200401781071,0,0.946374294398611,"Neither"
"TMEM26",1,0,0.774032127256405,0,0.992401215805471,"Neither"
"TMEM54",1,0,0.854254855975206,0,0.99587494572297,"Neither"
"TMEM88B",1,0,0.194026306531179,0,0.953647416413374,"Neither"
"TMSB4X",1,0,2.07372297444941e-07,1,0.178028658271819,"scBSP only"
"TNNC1",1,0,0.442338080305477,0,0.981980026052974,"Neither"
"TNNI3",1,0,0.729265699167143,0,0.994029526704299,"Neither"
"TNNT3",1,0,0.620368982653485,0,0.989795918367347,"Neither"
"TNR",1,0,0.0535112706465415,0,0.911311333043856,"Neither"
"TOP2A",1,0,0.921558809367499,0,0.998154580981329,"Neither"
"TOX",1,0,0.0117092239676355,1,0.839665653495441,"scBSP only"
"TPBG",1,0,0.370889290379302,0,0.97937472861485,"Neither"
"TPD52L1",1,0,0.498183769210541,0,0.98056882327399,"Neither"
"TRAF3IP3",1,0,0.0914237097581007,0,0.980894485453756,"Neither"
"TRAPPC3L",1,0,0.809614477777426,0,0.992292661745549,"Neither"
"TRDN",1,0,0.737613315309362,0,0.990013026487191,"Neither"
"TREM2",1,0,0.38691615353467,0,0.978831958315241,"Neither"
"TRF",1,0,0.00115748479001299,1,0.742618323925315,"scBSP only"
"TRHR",1,0,0.748378236495545,0,0.990772904906643,"Neither"
"TRIM54",1,0,0.888248150300208,0,0.994138080764221,"Neither"
"TRIM66",1,0,0.0422263675231176,1,0.901650021710812,"scBSP only"
"TRPS1",1,0,0.150991010105662,0,0.957229700390795,"Neither"
"TSHZ2",1,0,0.00557556429930728,1,0.79895788102475,"scBSP only"
"TSPAN8",1,0,0.832173038435756,0,0.993052540165002,"Neither"
"TTR",1,0,0.265595577913533,0,0.975032566217977,"Neither"
"TTYH1",1,0,0.0328466397251982,1,0.885258358662614,"scBSP only"
"UCN2",1,0,0.857438481163187,0,0.993703864524533,"Neither"
"UCN3",1,0,0.725611254165467,0,0.988384715588363,"Neither"
"UNC5B",1,0,0.533176735091019,0,0.986105080330004,"Neither"
"UNG",1,0,0.823296270567833,0,0.993269648284846,"Neither"
"URAH",1,0,0.717924059357837,0,0.991315675206253,"Neither"
"UTS2B",1,0,0.707320285180722,0,0.990230134607034,"Neither"
"VAMP1",1,0,3.36504458142706e-05,1,0.588145896656535,"scBSP only"
"VEGFA",1,0,0.292222968254021,0,0.972752930959618,"Neither"
"VIM",1,0,0.0713903766448323,0,0.939969604863222,"Neither"
"VIPR2",1,0,0.732079187516271,0,0.994029526704299,"Neither"
"VTN",1,0,0.051039202306329,0,0.967542336083369,"Neither"
"VWC2",1,0,0.454796051848633,0,0.975792444637429,"Neither"
"WFDC12",1,0,0.843948085620163,0,0.996200607902736,"Neither"
"WFDC18",1,0,0.709928556559632,0,0.993378202344768,"Neither"
"WFDC2",1,0,0.721344008143402,0,0.992726877985237,"Neither"
"WFS1",1,0,0.599263363350882,0,0.983825445071646,"Neither"
"WHRN",1,0,0.122108754470004,0,0.942683456361268,"Neither"
"YJEFN3",1,0,0.5558985773397,0,0.98881893182805,"Neither"
"ZFP239",1,0,0.105177087522574,0,0.947568389057751,"Neither"
"ZIC1",1,0,0.629645719587946,0,0.988927485887972,"Neither"
